Company,Series  ,Date  ,Prev Close  ,Open,High,Low,Last Price  ,Close,Average Price ,Volume,Turnover ₹  ,No. of Trades  ,Deliverable Qty  ,% Dly Qt to Traded Qty  
INFY,EQ,19-12-2023,1564.35,1570.1,1573.95,1543.25,1555,1558.3,1557.15,4221721,6573862521,164124,"21,66,832",51.33
INFY,EQ,20-12-2023,1558.3,1565.05,1583.5,1530,1531,1536.4,1561.35,6592367,10293014667,313361,"39,99,159",60.66
INFY,EQ,21-12-2023,1536.4,1521.25,1546.65,1521.25,1540.05,1536,1536.05,5319038,8170301359,234678,"27,41,399",51.54
INFY,EQ,22-12-2023,1536,1534.95,1566,1523,1560.6,1562.9,1544.96,6741060,10414664839,248721,"29,38,241",43.59
INFY,EQ,26-12-2023,1562.9,1535,1548,1523,1546,1543.95,1539.75,6878067,10590506116,306708,"27,12,704",39.44
INFY,EQ,27-12-2023,1543.95,1544,1570,1544,1568.6,1567.1,1560.67,4225849,6595135370,182574,"24,94,979",59.04
INFY,EQ,28-12-2023,1567.1,1568.95,1568.95,1555,1566,1562.65,1561.64,5702253,8904844135,236913,"33,90,265",59.45
INFY,EQ,29-12-2023,1562.65,1541.05,1559.45,1540,1542.65,1542.9,1544.62,4388990,6779338989,218692,"25,43,904",57.96
INFY,EQ,01-01-2024,1542.9,1539,1557,1535.25,1548,1551.35,1548.27,2808451,4348239185,144697,"14,47,369",51.54
INFY,EQ,02-01-2024,1551.35,1546,1549.15,1523,1533,1534.4,1533.27,5396313,8273980868,235015,"38,02,441",70.46
INFY,EQ,03-01-2024,1534.4,1519.95,1519.95,1488,1492,1490,1499.65,7550363,11322898630,303866,"54,44,109",72.10
INFY,EQ,04-01-2024,1490,1504.95,1519.75,1492.9,1513,1512.7,1508.26,7056038,10642369199,202211,"42,28,964",59.93
INFY,EQ,05-01-2024,1512.7,1506.75,1539.7,1506.25,1531,1532.55,1530.26,8895403,13612315791,219641,"51,50,237",57.90
INFY,EQ,08-01-2024,1532.55,1528.95,1536,1513.25,1520,1522.8,1523.73,4440136,6765559619,159896,"25,30,960",57.00
INFY,EQ,09-01-2024,1522.8,1541.9,1553,1525.85,1530.05,1529.3,1541.86,4412074,6802782136,142604,"24,15,178",54.74
INFY,EQ,10-01-2024,1529.3,1524.95,1535.45,1505,1519.95,1519.9,1519.11,4096845,6223556848,144590,"20,84,021",50.87
INFY,EQ,11-01-2024,1519.9,1524.9,1525,1486.6,1520.3,1494.2,1499.59,11296088,16939511690,311866,"70,72,608",62.61
INFY,EQ,12-01-2024,1494.2,1562,1618,1555.4,1615,1612.75,1597.81,26754401,42748463415,707055,"1,25,75,224",47.00
INFY,EQ,15-01-2024,1612.75,1644.95,1664.95,1636,1652,1652.1,1648.8,13228305,21810781229,332165,"89,42,618",67.60
INFY,EQ,16-01-2024,1652.1,1644.8,1648.5,1625,1626,1631.55,1637.98,6500917,10648351665,270528,"47,10,032",72.45
INFY,EQ,17-01-2024,1631.55,1620.25,1647.5,1620.25,1641,1640.2,1639.02,9209876,15095210617,295426,"69,66,637",75.64
INFY,EQ,18-01-2024,1640.2,1642.65,1649,1628.25,1646.65,1642.6,1639.29,6375464,10451208678,227265,"43,15,690",67.69
INFY,EQ,19-01-2024,1642.6,1651.6,1665.5,1644.15,1657.85,1659.2,1657.08,4522736,7494549931,189909,"27,62,887",61.09
INFY,EQ,20-01-2024,1659.2,1665.55,1669.25,1645,1649.45,1648.85,1652.55,1158144,1913895855,41544,"6,23,773",53.86
INFY,EQ,23-01-2024,1648.85,1650.1,1674.7,1637.7,1642,1642.15,1658.08,9401255,15588046050,241104,"67,39,466",71.69
INFY,EQ,24-01-2024,1642.15,1659.9,1680,1645,1673,1675.4,1662.71,8999681,14963838639,288491,"63,45,346",70.51
INFY,BL,25-01-2024,1419.1,1675.4,1675.4,1675.4,1675.4,1675.4,1675.4,132935,222719299,1,-,-
INFY,EQ,25-01-2024,1675.4,1672.95,1680.55,1658,1666,1669.1,1669.03,8865304,14796464533,238696,"58,60,225",66.10
INFY,EQ,29-01-2024,1669.1,1665.15,1679.35,1647.6,1651.05,1656.6,1658.53,4253785,7055050164,169843,"29,36,126",69.02
INFY,EQ,30-01-2024,1656.6,1662.45,1690,1648.25,1653,1651.45,1667,4995943,8328252976,171051,"31,78,389",63.62
INFY,EQ,31-01-2024,1651.45,1648.25,1667.25,1638.1,1656.75,1660.9,1655.75,6763779,11199094788,181217,"49,12,606",72.63
INFY,EQ,01-02-2024,1660.9,1659.55,1677,1650.35,1655,1657.05,1662.81,5760011,9577804762,169224,"31,99,270",55.54
INFY,EQ,02-02-2024,1657.05,1666.05,1718.5,1665,1693.3,1693.35,1697.4,7858483,13339026487,259562,"39,21,749",49.90
INFY,EQ,05-02-2024,1693.35,1694.75,1700.75,1681.85,1683.4,1687.2,1690.95,3634135,6145132559,137014,"25,54,793",70.30
INFY,EQ,06-02-2024,1687.2,1686.75,1733,1673.95,1728,1729.45,1717.32,7694265,13213481875,250855,"51,32,644",66.71
INFY,EQ,07-02-2024,1729.45,1729,1729,1686.85,1695,1693.75,1699.46,4613877,7841102727,273680,"30,23,295",65.53
INFY,EQ,08-02-2024,1693.75,1698,1706.35,1682.8,1693,1692.1,1692.5,5919715,10019145488,237027,"33,27,271",56.21
INFY,EQ,09-02-2024,1692.1,1684.7,1692.9,1659.8,1670,1669.35,1669.56,4600004,7680000365,228352,"22,55,319",49.03
INFY,EQ,12-02-2024,1669.35,1670.35,1692.95,1670.35,1677.2,1680.1,1684.63,3555808,5990236482,172951,"23,24,220",65.36
INFY,EQ,13-02-2024,1680.1,1683,1689.1,1663.5,1681.5,1684.55,1676.31,2696481,4520135185,143586,"18,36,216",68.10
INFY,EQ,14-02-2024,1684.55,1660.2,1669.45,1635.5,1666.8,1666.2,1648.69,3768579,6213215181,162385,"20,46,752",54.31
INFY,EQ,15-02-2024,1666.2,1677,1687.75,1661.6,1680,1676.35,1673.73,4834391,8091476060,191636,"28,81,563",59.61
INFY,EQ,16-02-2024,1676.35,1689,1709,1687.95,1698.65,1701.65,1699.4,4880654,8294163221,161141,"30,29,407",62.07
INFY,EQ,19-02-2024,1701.65,1705,1711.5,1687.7,1699,1699.75,1702.16,3690993,6282664069,100191,"25,43,379",68.91
INFY,EQ,20-02-2024,1699.75,1685,1694.25,1668.75,1685.4,1685.25,1680.6,3706389,6228968392,158582,"24,12,465",65.09
INFY,EQ,21-02-2024,1685.25,1674,1674,1645.3,1652,1655.55,1659.26,4300508,7135669394,199597,"25,82,366",60.05
INFY,EQ,22-02-2024,1655.55,1665,1684.6,1644.4,1678.25,1681.35,1664.73,5841277,9724135539,201360,"23,13,481",39.61
INFY,EQ,23-02-2024,1681.35,1697,1698.45,1671.9,1675.05,1676.85,1680.38,5373072,9028806812,159253,"31,87,718",59.33
INFY,EQ,26-02-2024,1676.85,1674.95,1674.95,1645,1660,1660.15,1656.14,2782438,4608093161,138789,"16,94,781",60.91
INFY,EQ,27-02-2024,1660.15,1661,1671.1,1652.8,1664.5,1663.6,1660.89,5159088,8568654402,177632,"39,76,932",77.09
INFY,EQ,28-02-2024,1663.6,1670,1687.8,1662.05,1666,1671.25,1673.95,3188916,5338082989,168195,"17,23,575",54.05
INFY,EQ,29-02-2024,1671.25,1665,1682.25,1653.3,1674,1673.9,1669.82,7814722,13049188571,199180,"48,12,766",61.59
INFY,EQ,01-03-2024,1673.9,1669,1671.95,1651,1653.8,1654.7,1662.37,6387291,10618054259,268042,"44,21,453",69.22
INFY,EQ,02-03-2024,1654.7,1658.85,1665,1654.05,1655.2,1656.3,1659.64,292153,484868460.9,9759,"1,62,983",55.79
INFY,EQ,04-03-2024,1656.3,1657.85,1664.45,1633.65,1635.75,1637.2,1641.87,4445156,7298368190,193640,"34,02,124",76.54
INFY,EQ,05-03-2024,1637.2,1634,1637.35,1602,1604,1606.5,1610.57,4596579,7403097436,241650,"30,21,130",65.73
INFY,EQ,06-03-2024,1606.5,1602.8,1620.15,1576,1618.5,1617.55,1596.53,6420684,10250800225,243568,"39,22,499",61.09
INFY,EQ,07-03-2024,1617.55,1616.6,1628.45,1604.2,1612,1616.45,1616.64,6348359,10263036189,244687,"40,08,257",63.14
INFY,EQ,11-03-2024,1616.45,1608.15,1613.8,1588,1600,1600.6,1600.8,6752895,10810022837,243001,"45,92,019",68.00
INFY,EQ,12-03-2024,1600.6,1600,1625,1597.65,1614.1,1612.95,1616.23,4614222,7457666086,207553,"28,74,045",62.29
INFY,EQ,13-03-2024,1612.95,1612.9,1624.5,1598.55,1613,1611.4,1611.41,5688997,9167281917,195986,"37,41,349",65.76
INFY,EQ,14-03-2024,1611.4,1614.4,1657.75,1608,1649.95,1653.3,1643.02,8803799,14464850155,224912,"52,79,254",59.97
INFY,EQ,15-03-2024,1653.3,1641.1,1645.8,1618.35,1631.45,1634,1631.78,11809997,19271370665,285667,"83,33,981",70.57
INFY,EQ,18-03-2024,1634,1630,1632.65,1598.85,1601.8,1602.65,1614.01,4958904,8003700121,201320,"34,51,750",69.61
INFY,EQ,19-03-2024,1602.65,1592.35,1599,1558,1566.5,1561.45,1573.88,6870411,10813185653,247678,"48,05,662",69.95
INFY,EQ,20-03-2024,1561.45,1563,1574.95,1552.35,1555.8,1554.95,1561.46,4759059,7431059606,235538,"34,92,171",73.38
INFY,EQ,21-03-2024,1554.95,1564,1576.95,1543.4,1555.5,1554.7,1556.7,11062497,17221025531,223612,"71,70,906",64.82
INFY,EQ,22-03-2024,1554.7,1521,1528.9,1498.2,1511.45,1508.85,1513.2,14673890,22204570809,512162,"73,29,137",49.95
INFY,EQ,26-03-2024,1508.85,1492,1507.45,1487.9,1495,1492.65,1495.68,8351081,12490545025,307407,"58,58,829",70.16
INFY,EQ,27-03-2024,1492.65,1496,1499,1481.55,1487.15,1483.85,1489.96,6857402,10217237549,227899,"48,85,357",71.24
INFY,EQ,28-03-2024,1483.85,1487.15,1511.8,1487.15,1495.25,1498.05,1502.78,12499530,18784020019,288652,"65,51,454",52.41
INFY,EQ,01-04-2024,1498.05,1525,1529.95,1492.8,1497.5,1495.45,1505.46,6580002,9905917258,233368,"37,80,879",57.46
INFY,EQ,02-04-2024,1495.45,1484.85,1493.15,1480.85,1483.9,1482.85,1484.83,7279400,10808700023,216472,"55,02,486",75.59
INFY,EQ,03-04-2024,1482.85,1479,1495.1,1475,1480.6,1480.65,1485.37,8736248,12976530261,206909,"59,05,070",67.59
INFY,EQ,04-04-2024,1480.65,1490.55,1495.65,1468,1489,1486.7,1481.8,11186915,16576757071,313152,"52,87,105",47.26
INFY,EQ,05-04-2024,1486.7,1480.05,1486.7,1476.05,1480.4,1479.1,1480.24,5072482,7508474799,151929,"29,39,200",57.94
INFY,EQ,08-04-2024,1479.1,1483,1490.95,1474.1,1475.5,1476.7,1480.51,6610887,9787517054,182211,"51,52,016",77.93
INFY,EQ,09-04-2024,1476.7,1490,1513.8,1487.3,1497.25,1494.85,1501.1,9423230,14145182659,221885,"56,71,574",60.19
INFY,EQ,10-04-2024,1494.85,1500.35,1509.85,1484.55,1506.5,1506.8,1500.18,6744595,10118134819,231665,"42,77,073",63.41
INFY,EQ,12-04-2024,1506.8,1504,1506.8,1479.5,1484.85,1484.75,1491.9,12275616,18313954690,329470,"74,44,467",60.64
INFY,EQ,15-04-2024,1484.75,1480,1491.95,1461.05,1467.25,1468.15,1471.43,8531224,12553072128,279992,"50,94,820",59.72
INFY,EQ,16-04-2024,1468.15,1451,1455.15,1413.05,1415.2,1414.45,1426.6,16173541,23073144618,498463,"1,13,70,535",70.30
INFY,EQ,18-04-2024,1414.45,1421.1,1444.7,1407.5,1429.5,1419.25,1422.24,22107945,31442852349,380213,"1,27,59,873",57.72
INFY,EQ,19-04-2024,1419.25,1385,1426.85,1378.75,1411.95,1411.25,1400.77,20603621,28860939170,491788,"1,14,59,010",55.62
INFY,EQ,22-04-2024,1411.25,1419.9,1436.85,1413.05,1434.5,1432.75,1423.2,5859087,8338645898,194813,"39,24,563",66.98
INFY,EQ,23-04-2024,1432.75,1443,1446.85,1433,1439.45,1442.4,1441.38,4856174,6999604668,155079,"33,68,597",69.37
INFY,EQ,24-04-2024,1442.4,1444.3,1444.3,1427.05,1433.55,1430.75,1433.9,4268213,6120174208,188856,"29,69,152",69.56
INFY,EQ,25-04-2024,1430.75,1420,1444.9,1420,1438.3,1438.45,1436.68,9089398,13058570637,213914,"53,07,048",58.39
INFY,EQ,26-04-2024,1438.45,1439.7,1445.4,1427,1432,1430.25,1435.15,8062444,11570821187,331963,"51,11,560",63.40
INFY,EQ,29-04-2024,1430.25,1429.95,1439.8,1428.25,1436,1434.75,1434.76,5055957,7254071794,172407,"37,10,352",73.39
INFY,EQ,30-04-2024,1434.75,1434.7,1436.55,1417.55,1421.75,1420.55,1427,6936588,9898542475,257285,"55,10,877",79.45
INFY,EQ,02-05-2024,1420.55,1413,1424,1411.85,1417.45,1414.45,1417.48,10076354,14283072271,541169,"57,36,028",56.93
INFY,EQ,03-05-2024,1414.45,1422.1,1424.8,1403.2,1415.75,1416.3,1412.37,8842345,12488625513,275760,"48,61,319",54.98
INFY,EQ,06-05-2024,1416.3,1420,1445.7,1417.1,1427.4,1425.9,1433.2,6445422,9237548653,153619,"39,32,601",61.01
INFY,EQ,07-05-2024,1425.9,1424.95,1443.35,1415.6,1438,1440.95,1429.44,6080661,8691954831,165156,"40,33,908",66.34
INFY,EQ,08-05-2024,1440.95,1435.25,1439.75,1425.6,1428,1427.3,1432.51,6234983,8931679104,212505,"45,69,519",73.29
INFY,EQ,09-05-2024,1427.3,1427.55,1449.95,1424.85,1434.15,1439.55,1439.59,6088406,8764817593,296655,"31,74,592",52.14
INFY,EQ,10-05-2024,1439.55,1435.05,1435.95,1413,1425.9,1424.9,1421.71,8777481,12479037535,274606,"61,21,260",69.74
INFY,EQ,13-05-2024,1424.9,1425,1425,1411.2,1423.75,1423.45,1418.38,3735954,5299006122,189679,"26,39,198",70.64
INFY,EQ,14-05-2024,1423.45,1426.4,1433.75,1418.05,1425.45,1424.7,1423.77,3463230,4930826754,137743,"23,56,758",68.05
INFY,EQ,15-05-2024,1424.7,1426,1431.8,1418.55,1420,1419.95,1422.38,4327544,6155430094,186636,"31,04,530",71.74
INFY,EQ,16-05-2024,1419.95,1433.95,1455.75,1427,1450.9,1453.35,1444.18,9249145,13357445780,254894,"43,32,678",46.84
INFY,EQ,17-05-2024,1453.35,1457,1457,1439.25,1445,1444.3,1445.43,7542860,10902658148,170369,"54,28,897",71.97
INFY,EQ,18-05-2024,1444.3,1445,1450,1442,1444.3,1443.65,1445.13,318277,459952847.9,13136,"2,01,491",63.31
INFY,EQ,21-05-2024,1443.65,1430,1444.7,1428.4,1435.55,1434.15,1435.51,6752663,9693516261,204780,"50,85,153",75.31
INFY,EQ,22-05-2024,1434.15,1428.75,1459.95,1428,1454.2,1454.8,1450.92,7173285,10407881537,226692,"50,66,600",70.63
INFY,EQ,23-05-2024,1454.8,1454.7,1478.15,1450,1471.05,1472.4,1469.37,8641428,12697420682,300489,"46,64,587",53.98
INFY,EQ,24-05-2024,1472.4,1468.25,1475.5,1460,1462.6,1465.1,1467.29,5277938,7744283255,173496,"35,35,961",67.00
INFY,EQ,27-05-2024,1465.1,1471.85,1479.6,1460.25,1471,1471.35,1470.82,5821844,8562895962,209335,"40,82,361",70.12
INFY,EQ,28-05-2024,1471.35,1475.5,1476,1460.3,1463,1467.05,1471,6186922,9100958068,178525,"47,23,117",76.34
INFY,EQ,29-05-2024,1467.05,1465.4,1465.5,1450,1455,1450.95,1454.96,7401634,10769091065,245143,"54,85,547",74.11
INFY,EQ,30-05-2024,1450.95,1442.8,1449.85,1421.55,1434.95,1427.45,1431.84,9663150,13836120754,269401,"58,48,165",60.52
INFY,EQ,31-05-2024,1427.45,1409.8,1436.75,1400,1407,1406.9,1414.33,37113815,52491266228,480522,"2,25,66,239",60.80
INFY,EQ,03-06-2024,1406.9,1440,1440,1404,1408.3,1405.9,1410.56,10589244,14936754676,276536,"79,74,682",75.31
INFY,EQ,04-06-2024,1405.9,1409,1415,1358.35,1400.05,1393.65,1394.53,13736134,19155447818,389770,"81,13,166",59.06
INFY,EQ,05-06-2024,1393.65,1400.15,1438,1400.15,1429.95,1430.1,1422.55,9233424,13135040250,275273,"65,63,777",71.09
INFY,EQ,06-06-2024,1430.1,1444.95,1474.3,1437.5,1473,1472.25,1460.72,12660930,18494014220,427537,"68,44,746",54.06
INFY,EQ,07-06-2024,1472.25,1481,1539.7,1477.25,1531,1533.6,1523.28,24075302,36673507940,671586,"1,55,35,234",64.53
INFY,EQ,10-06-2024,1533.6,1525.3,1529.8,1497.3,1498.1,1499.75,1504.76,6810606,10248320789,215749,"42,75,279",62.77
INFY,EQ,11-06-2024,1499.75,1500.05,1506.45,1493.95,1496,1495.75,1500.46,4853054,7281790761,196731,"33,09,314",68.19
INFY,EQ,12-06-2024,1495.75,1507,1508.75,1482.75,1486.4,1485.2,1493.28,9564320,14282218152,208574,"71,79,724",75.07
INFY,EQ,13-06-2024,1485.2,1495,1505,1489.35,1494,1493.95,1495.78,7307565,10930515250,191937,"44,15,299",60.42
INFY,EQ,14-06-2024,1493.95,1503.7,1503.7,1486.05,1488.5,1488.9,1489.97,4237727,6314088833,161152,"25,08,255",59.19
INFY,EQ,18-06-2024,1488.9,1497,1507,1495.4,1499,1498.2,1500.33,5420939,8133182879,193064,"39,41,258",72.70
INFY,EQ,19-06-2024,1498.2,1505,1515.65,1496.7,1510.25,1511.35,1508.16,5493456,8285025892,184453,"34,88,587",63.50
INFY,EQ,20-06-2024,1511.35,1516.3,1517.5,1499.1,1516.1,1515.4,1510.8,7927010,11976110389,166148,"48,40,779",61.07
INFY,EQ,21-06-2024,1515.4,1545,1557.75,1523.7,1525.1,1532.7,1538.98,17301941,26627264655,386255,"88,01,952",50.87
INFY,EQ,24-06-2024,1532.7,1524.55,1529.1,1515.4,1526,1527.15,1524.12,5564989,8481716684,191438,"40,93,833",73.56
INFY,EQ,25-06-2024,1527.15,1526,1543.9,1520.35,1540,1541.95,1536.34,4551525,6992669447,162269,"33,62,525",73.88
INFY,EQ,26-06-2024,1541.95,1541,1548.85,1535,1540.15,1540.7,1541.97,4851004,7480090347,133969,"35,06,433",72.28
INFY,EQ,27-06-2024,1540.7,1538.45,1578.4,1532.05,1571,1573.35,1562.84,14757754,23064065426,335798,"93,96,366",63.67
INFY,EQ,28-06-2024,1573.35,1572.55,1588.5,1564.25,1566.65,1566.75,1573,8197544,12894721249,247411,"49,19,176",60.01
INFY,EQ,01-07-2024,1566.75,1559.5,1599.9,1559.5,1586,1590.8,1588.6,6801771,10805277302,244645,"46,05,695",67.71
INFY,EQ,02-07-2024,1590.8,1596.2,1633.8,1586.5,1620,1621.05,1618.8,10493173,16986388682,392727,"67,07,345",63.92
INFY,EQ,03-07-2024,1621.05,1625,1636,1606,1629.25,1627.4,1621.6,7269965,11789003345,157551,"51,08,087",70.26
INFY,EQ,04-07-2024,1627.4,1628.2,1660,1628,1648.95,1650.65,1652.82,8008311,13236297147,226165,"50,65,095",63.25
INFY,EQ,05-07-2024,1650.65,1651.45,1665.85,1633.35,1641.1,1647.45,1652.13,7065022,11672361072,197833,"41,84,004",59.22
INFY,EQ,08-07-2024,1647.45,1643.1,1666,1640,1660.95,1661.65,1656.59,5880533,9741654631,180580,"41,42,205",70.44
INFY,EQ,09-07-2024,1661.65,1659.9,1666.75,1651,1656.2,1657.15,1659.82,5191182,8616414738,180329,"39,64,038",76.36
INFY,EQ,10-07-2024,1657.15,1657,1674,1637.55,1645,1648.25,1652.95,9852770,16286153350,212673,"69,18,154",70.22
INFY,EQ,11-07-2024,1648.25,1656,1665,1642.05,1652,1652.7,1654.43,8857679,14654403571,229626,"59,54,171",67.22
INFY,EQ,12-07-2024,1652.7,1680,1719.75,1666.65,1706.35,1711.75,1702.02,17078316,29067635670,424229,"1,06,31,638",62.25
INFY,EQ,15-07-2024,1711.75,1726.2,1728,1702.65,1709,1707.05,1715.63,6942230,11910304891,177986,"47,76,950",68.81
INFY,EQ,16-07-2024,1707.05,1718.6,1737.9,1700,1725.1,1726.05,1723.79,6886281,11870510393,227602,"44,48,421",64.60
INFY,EQ,18-07-2024,1726.05,1719,1765.4,1719,1764.05,1758.05,1747.57,11248896,19658277359,341763,"59,70,209",53.07
INFY,EQ,19-07-2024,1758.05,1844,1844,1786.45,1789.35,1792.95,1810.54,29819116,53988794115,644673,"1,38,69,085",46.51
INFY,EQ,22-07-2024,1792.95,1800.15,1823,1792.95,1810,1810.85,1810.74,8462126,15322728881,286478,"59,36,380",70.15
INFY,EQ,23-07-2024,1810.85,1810,1839.95,1783.25,1832.9,1836.9,1817.22,7113056,12926022859,284929,"44,33,183",62.32
INFY,EQ,24-07-2024,1836.9,1837.5,1842.35,1819.6,1835.7,1833.95,1830.65,6002845,10989083504,182691,"42,83,644",71.36
INFY,EQ,25-07-2024,1833.95,1820,1830.9,1812,1826.35,1824.85,1823.35,5815599,10603890937,126746,"36,97,613",63.58
INFY,EQ,26-07-2024,1824.85,1825.35,1883,1825.35,1880,1878.9,1871.89,11369047,21281566353,313143,"70,09,771",61.66
INFY,EQ,29-07-2024,1878.9,1893.6,1903,1864,1874.95,1871.1,1877.26,4635931,8702853106,208557,"30,86,678",66.58
INFY,EQ,30-07-2024,1871.1,1871.1,1879.95,1860,1875.2,1877.15,1870.2,2721265,5089317285,160022,"17,21,228",63.25
INFY,EQ,31-07-2024,1877.15,1877,1885.15,1865.05,1869,1868.25,1870.34,5004209,9359589029,252105,"35,08,928",70.12
INFY,EQ,01-08-2024,1868.25,1856.1,1867.9,1845.1,1847.65,1852.6,1854.74,7475014,13864207889,287435,"40,92,451",54.75
INFY,EQ,02-08-2024,1852.6,1843,1859.5,1816.15,1819,1821.2,1829.19,7400938,13537736459,244351,"44,97,093",60.76
INFY,EQ,05-08-2024,1821.2,1784.95,1797.5,1718.55,1751.45,1751.9,1748.15,10736703,18769378972,357150,"77,07,641",71.79
INFY,EQ,06-08-2024,1751.9,1760.2,1796.95,1744.85,1756,1751.1,1762.7,7690163,13555453182,229956,"45,34,327",58.96
INFY,EQ,07-08-2024,1751.1,1796,1797.9,1762.1,1792,1791.65,1782.2,5094329,9079119382,189924,"30,36,663",59.61
INFY,EQ,08-08-2024,1791.65,1779.95,1779.95,1727.1,1739,1743.15,1748.61,6227910,10890209221,237457,"32,58,191",52.32
INFY,EQ,09-08-2024,1743.15,1771.25,1780.75,1756,1770.7,1770.75,1766.78,4258524,7523890128,130511,"28,53,488",67.01
INFY,EQ,12-08-2024,1770.75,1773.05,1803.5,1768.1,1793.3,1797.4,1793.12,4315329,7737916018,138899,"28,03,139",64.96
INFY,EQ,13-08-2024,1797.4,1810,1810,1789.05,1795.95,1797.45,1799.3,4176918,7515536069,152390,"27,97,011",66.96
INFY,EQ,14-08-2024,1797.45,1802,1825,1797.45,1820,1823.25,1813.72,7450718,13513504751,195413,"50,99,465",68.44
INFY,EQ,16-08-2024,1823.25,1850,1861.85,1829.5,1856.95,1858.95,1844.85,7335657,13533180793,218353,"46,22,977",63.02
INFY,EQ,19-08-2024,1858.95,1860,1867.55,1849.2,1865,1864.8,1862.3,2585989,4815890950,140168,"16,82,024",65.04
INFY,EQ,20-08-2024,1864.8,1880,1885.7,1868.2,1871,1872.2,1875.2,3870333,7257635526,141879,"27,95,587",72.23
INFY,EQ,21-08-2024,1872.2,1875.1,1879,1867.1,1872.6,1872.7,1871.57,1966902,3681187614,116979,"13,93,116",70.83
INFY,EQ,22-08-2024,1872.7,1884,1893.65,1869.7,1879.95,1880.25,1880.39,4300287,8086221003,185241,"28,15,163",65.46
INFY,EQ,23-08-2024,1880.25,1878.2,1882.6,1857,1865.95,1862.1,1864.29,5015935,9351150975,158876,"33,49,976",66.79
INFY,EQ,26-08-2024,1862.1,1870,1888.75,1864,1878,1876.15,1879.7,3728589,7008612073,164417,"26,32,742",70.61
INFY,EQ,27-08-2024,1876.15,1876.15,1902.75,1873.9,1898,1900.1,1895.32,3830679,7260360446,169020,"24,34,852",63.56
INFY,EQ,28-08-2024,1900.1,1906.9,1951,1897.4,1938,1939.1,1935.93,6514531,12611699907,239601,"35,59,202",54.63
INFY,EQ,29-08-2024,1939.1,1933,1950.5,1920.9,1930.2,1933.35,1936.08,7228284,13994572219,251568,"39,92,413",55.23
INFY,EQ,30-08-2024,1933.35,1938,1950,1928,1949.85,1943.7,1940.67,13466759,26134516922,246824,"89,68,520",66.60
INFY,EQ,02-09-2024,1943.7,1943.35,1975.75,1942.8,1959.5,1964.5,1961.02,5573739,10930227192,231832,"36,72,534",65.89
INFY,EQ,03-09-2024,1964.5,1967,1967,1936.45,1940.9,1941.25,1952.15,4694322,9164003290,146119,"35,28,063",75.16
INFY,EQ,04-09-2024,1941.25,1921.1,1927.2,1900.05,1920.7,1922.45,1913.05,4778310,9141125232,178663,"28,61,788",59.89
INFY,EQ,05-09-2024,1922.45,1926.25,1940,1909.6,1933,1933.15,1924.01,4081810,7853428072,148492,"25,15,420",61.63
INFY,EQ,06-09-2024,1933.15,1922,1936.5,1896.85,1904,1901.85,1908.09,5848106,11158720886,190652,"29,37,129",50.22
INFY,EQ,09-09-2024,1901.85,1890,1920.85,1889,1903,1894.65,1905.13,4772612,9092431540,186509,"31,52,860",66.06
INFY,EQ,10-09-2024,1894.65,1904.9,1935,1896,1914.15,1912.3,1920.51,6909600,13269985404,265300,"47,64,583",68.96
INFY,EQ,11-09-2024,1912.3,1914.7,1926,1905,1912.95,1910.15,1915.8,5312946,10178552301,254659,"36,83,394",69.33
INFY,EQ,12-09-2024,1910.15,1925,1956.4,1910.8,1943.8,1950.45,1933.56,8555092,16541770366,219622,"50,12,053",58.59
INFY,EQ,13-09-2024,1950.45,1950.45,1958.6,1935.65,1943,1944.1,1948.85,3843127,7489665427,120139,"21,59,217",56.18
INFY,EQ,16-09-2024,1944.1,1945.75,1952,1933.05,1946,1950.25,1943.67,1570181,3051912524,72563,"8,06,120",51.34
INFY,EQ,17-09-2024,1950.25,1947.75,1958.45,1942.15,1950,1952.55,1951.76,2793127,5451501005,142203,"21,01,774",75.25
INFY,EQ,18-09-2024,1952.55,1938.75,1938.75,1881.3,1892.35,1892.15,1898.2,6385468,12120891192,252266,"41,41,671",64.86
INFY,EQ,19-09-2024,1892.15,1910.6,1924.9,1878.8,1897,1894.2,1894.84,7976570,15114309894,219801,"51,95,192",65.13
INFY,EQ,20-09-2024,1894.2,1905,1915,1867.4,1910,1905.75,1902.04,15242974,28992778818,346786,"83,54,395",54.81
INFY,EQ,23-09-2024,1905.75,1909,1918.9,1878.45,1895,1896.45,1890.26,3636672,6874260634,133793,"23,04,184",63.36
INFY,EQ,24-09-2024,1896.45,1888,1910.9,1871.4,1900,1898.6,1888.94,7277616,13746948536,181532,"56,76,045",77.99
INFY,EQ,25-09-2024,1898.6,1886.35,1901.6,1876.8,1900,1895.3,1889.52,4268341,8065107238,173033,"31,49,517",73.79
INFY,EQ,26-09-2024,1895.3,1897.8,1917.95,1893,1894,1900.25,1902.94,8952803,17036613839,204902,"59,93,852",66.95
INFY,EQ,27-09-2024,1900.25,1932.1,1974.6,1903.3,1908,1906.75,1926.62,14908931,28723892455,301305,"89,83,190",60.25
INFY,EQ,30-09-2024,1906.75,1880,1901.25,1870.5,1877.6,1875.6,1881.3,6986955,13144582074,225929,"51,19,815",73.28
INFY,EQ,01-10-2024,1875.6,1875,1908.95,1875,1906,1904.35,1898.99,4029072,7651153333,153975,"22,38,191",55.55
INFY,EQ,03-10-2024,1904.35,1889.5,1911.85,1881,1889,1893.4,1895.02,7503887,14220032274,279836,"45,77,700",61.00
INFY,EQ,04-10-2024,1893.4,1889.55,1954.1,1886,1922,1918.15,1926.6,10001483,19268903580,317341,"49,33,263",49.33
INFY,EQ,07-10-2024,1918.15,1923.2,1942,1916.05,1930.15,1934.3,1932.07,6112575,11809911119,232953,"35,86,241",58.67
INFY,EQ,08-10-2024,1934.3,1937.9,1957.95,1906.35,1945.95,1948.55,1937.77,5637391,10923947723,301214,"34,81,309",61.75
INFY,EQ,09-10-2024,1948.55,1952.55,1977,1945.1,1959,1952.75,1961.35,4857163,9526613749,240629,"25,44,632",52.39
INFY,EQ,10-10-2024,1952.75,1957.9,1964,1914.1,1917.55,1919,1934.31,4782119,9250080166,187711,"21,80,497",45.60
INFY,EQ,11-10-2024,1919,1918,1947,1910.1,1935,1935.1,1932.54,4709431,9101157286,209438,"27,07,269",57.49
INFY,EQ,14-10-2024,1935.1,1932.15,1969.5,1931.1,1966,1958.9,1957.08,3751378,7341734867,242164,"24,57,354",65.51
INFY,EQ,15-10-2024,1958.9,1960,1991.45,1951.75,1960,1959.3,1965.59,5353705,10523164056,184609,"31,91,676",59.62
INFY,EQ,16-10-2024,1959.3,1955,1959.55,1916.35,1918.1,1920.1,1937.33,3111512,6028023138,139457,"17,36,836",55.82
INFY,EQ,17-10-2024,1920.1,1935.2,1978,1930.15,1974.55,1968.1,1957.7,8162822,15980388201,295717,"40,19,395",49.24
INFY,EQ,18-10-2024,1968.1,1893.8,1936.85,1869.25,1885,1879.6,1891.59,10526196,19911246940,335832,"49,16,524",46.71
INFY,EQ,21-10-2024,1879.6,1891.1,1898.8,1838,1850.1,1852.75,1856.08,4654601,8639326331,185546,"23,43,503",50.35
INFY,EQ,22-10-2024,1852.75,1858.2,1877.8,1846.95,1853.55,1851.6,1858.27,4125240,7665799770,189972,"24,94,370",60.47
INFY,EQ,23-10-2024,1851.6,1845.25,1886,1844,1868.3,1873.4,1872.18,4311910,8072663538,177546,"24,16,683",56.05
INFY,EQ,24-10-2024,1873.4,1861.4,1884,1860,1863.6,1863.35,1866.54,2906475,5425065457,137718,"18,92,942",65.13
INFY,EQ,25-10-2024,1863.35,1863.45,1876.35,1846.4,1866,1862.05,1861.41,4689120,8728392271,181283,"25,97,591",55.40
INFY,EQ,28-10-2024,1862.05,1859.7,1881.9,1857,1865,1865.35,1872.16,7018940,13140601456,157551,"55,71,125",79.37
INFY,EQ,29-10-2024,1865.35,1846,1851.6,1829,1839.95,1839.3,1840.82,4621252,8506871720,157581,"31,87,422",68.97
INFY,EQ,30-10-2024,1839.3,1832,1839,1796.35,1798.8,1802.1,1813.08,5919715,10732932366,221376,"42,29,513",71.45
INFY,EQ,31-10-2024,1802.1,1787.9,1787.9,1746.5,1762.95,1757.25,1759.11,7395236,13009050347,283103,"48,22,516",65.21
INFY,EQ,01-11-2024,1757.25,1764.5,1766,1752.05,1755.6,1760.85,1761.68,371966,655284656.9,29613,"1,77,843",47.81
INFY,EQ,04-11-2024,1760.85,1724.5,1767,1718,1763.05,1763.65,1742.2,7336722,12782053575,237541,"45,46,264",61.97
INFY,EQ,05-11-2024,1763.65,1760,1768.45,1745,1753,1754.2,1754.19,3160880,5544781198,168160,"18,86,454",59.68
INFY,EQ,06-11-2024,1754.2,1764,1827.2,1762.65,1821,1823.7,1809.14,10421494,18853955667,305870,"66,33,255",63.65
INFY,EQ,07-11-2024,1823.7,1812.95,1825.7,1787,1802.85,1803.05,1802.49,4550965,8203053864,274916,"29,45,745",64.73
INFY,EQ,08-11-2024,1803.05,1818,1840.6,1813.15,1825.95,1829.95,1832.23,4210960,7715446614,199379,"20,76,350",49.31
INFY,EQ,11-11-2024,1829.95,1829,1868,1822.55,1859.05,1860.1,1855.73,3804234,7059643882,240025,"24,40,014",64.14
INFY,EQ,12-11-2024,1860.1,1871.1,1881,1861,1861,1868.8,1871.65,5012450,9381550005,182346,"33,41,498",66.66
INFY,EQ,13-11-2024,1868.8,1861.1,1873.2,1856.3,1869,1868.4,1866.77,4257495,7947752334,187205,"31,07,684",72.99
INFY,EQ,14-11-2024,1868.4,1865.6,1876,1856,1865,1864.55,1865.97,4311431,8045009314,206703,"28,41,321",65.90
INFY,EQ,18-11-2024,1864.55,1849.2,1849.2,1795,1815.05,1811.45,1813.82,4839244,8777530199,207559,"29,93,164",61.85
INFY,EQ,19-11-2024,1811.45,1825.5,1859.7,1820.55,1822.5,1824.75,1839.98,4669769,8592282284,142990,"32,29,861",69.17
INFY,EQ,21-11-2024,1824.75,1842,1867,1820.6,1834,1834.05,1836.76,5436504,9985580027,232740,"26,00,161",47.83
INFY,EQ,22-11-2024,1834.05,1854.1,1914.05,1834,1889.2,1902.25,1880.71,6301486,11851297771,185473,"37,23,656",59.09
INFY,EQ,25-11-2024,1902.25,1916,1919.3,1882,1891,1889.7,1890.66,12764638,24133584392,196770,"90,70,318",71.06
INFY,EQ,26-11-2024,1889.7,1904.95,1938.6,1897.3,1920.2,1924.15,1926.35,6850495,13196471062,312960,"42,64,818",62.26
INFY,EQ,27-11-2024,1924.15,1930.1,1941.4,1911.75,1927,1924.5,1926.81,4447143,8568781534,146524,"27,56,729",61.99
INFY,EQ,28-11-2024,1924.5,1914.9,1914.9,1851.65,1860.3,1856.65,1869.78,8468790,15834748613,284687,"56,57,358",66.80
INFY,EQ,29-11-2024,1856.65,1851.1,1877,1845,1856.95,1857.85,1859.93,5244346,9754122115,217020,"29,06,341",55.42
INFY,EQ,02-12-2024,1857.85,1859,1882.8,1835.2,1877.45,1879.8,1868.92,2868263,5360564447,143774,"15,34,907",53.51
INFY,EQ,03-12-2024,1879.8,1887,1899.75,1871.15,1890,1892.1,1891.36,4715792,8919259126,165988,"32,06,192",67.99
INFY,EQ,04-12-2024,1892.1,1884,1913.95,1875,1892,1889.25,1895.14,4705573,8917717925,215259,"25,51,444",54.22
INFY,EQ,05-12-2024,1889.25,1900,1949.9,1888.95,1935,1934.85,1925.05,9050038,17421767118,300510,"44,50,530",49.18
INFY,EQ,06-12-2024,1934.85,1932.8,1937.95,1912.4,1919,1922.4,1921.54,3573331,6866314026,133773,"21,67,743",60.66
INFY,EQ,09-12-2024,1922.4,1924.2,1930.2,1897.2,1926.95,1923.65,1912.43,4274645,8174959450,169220,"27,96,004",65.41
INFY,EQ,10-12-2024,1923.65,1939,1965.6,1932,1947.1,1948.55,1947.08,6174921,12023085384,219707,"37,69,961",61.05
INFY,EQ,11-12-2024,1948.55,1955,1978,1952,1967.3,1974.15,1968.23,5025612,9891578980,201273,"29,25,094",58.20
INFY,EQ,12-12-2024,1974.15,1975.2,1998.8,1970.55,1985.1,1987,1989.23,6462130,12854635036,286504,"32,97,440",51.03
INFY,EQ,13-12-2024,1987,1969.75,2006.45,1953.8,1999,1999.7,1985.4,5362693,10647066759,243211,"27,30,177",50.91
INFY,EQ,16-12-2024,1999.7,1995.45,1999.6,1977.6,1979.2,1980.05,1985.38,3119221,6192834341,158954,"18,47,676",59.24
INFY,EQ,17-12-2024,1980.05,1968,1982,1958,1974,1976.6,1971.86,5811050,11458571096,243202,"31,52,209",54.25
INFY,EQ,18-12-2024,1976.6,1966.8,1984.95,1961.6,1979,1979.15,1976.08,3064095,6054911475,138618,"18,96,034",61.88
INFY,EQ,19-12-2024,1979.15,1934,1959.75,1920,1948.5,1946.2,1940.72,5323592,10331627136,197114,"29,24,678",54.94
RELIANCE,EQ,19-12-2023,2521,2555,2573.9,2525.2,2556.5,2558.1,2553.63,8410302,21476799672,331728,"55,18,449",65.62
RELIANCE,EQ,20-12-2023,2558.1,2571.05,2598.85,2520,2529.4,2527.15,2563.63,8868361,22735194766,372595,"53,42,862",60.25
RELIANCE,EQ,21-12-2023,2527.15,2527,2573.5,2518.25,2561,2562.55,2551.74,6882727,17562946483,235158,"34,79,632",50.56
RELIANCE,EQ,22-12-2023,2562.55,2559.6,2580.9,2547.65,2561,2565.05,2559.79,8270892,21171713990,274088,"47,33,005",57.22
RELIANCE,EQ,26-12-2023,2565.05,2568,2591.95,2562.7,2579,2578.05,2579.88,3732832,9630262624,188513,"23,54,231",63.07
RELIANCE,EQ,27-12-2023,2578.05,2582,2599.9,2573.1,2583.35,2586.85,2586.56,4602078,11903547788,191497,"28,50,871",61.95
RELIANCE,EQ,28-12-2023,2586.85,2589.8,2612,2586.85,2605,2605.55,2602.58,6151318,16009295263,228625,"40,61,975",66.03
RELIANCE,EQ,29-12-2023,2605.55,2611.1,2614,2579.3,2587,2584.95,2589.61,5432292,14067490671,248419,"34,15,339",62.87
RELIANCE,EQ,01-01-2024,2584.95,2580.55,2606.85,2573.15,2588.45,2590.25,2588.14,2015270,5215808110,115559,"8,77,801",43.56
RELIANCE,EQ,02-01-2024,2590.25,2585,2615,2573,2609,2611.7,2596.75,3724400,9671331568,175872,"20,59,678",55.30
RELIANCE,EQ,03-01-2024,2611.7,2610,2634,2577.2,2580.75,2583.3,2606.46,4518768,11778006447,198303,"27,06,158",59.89
RELIANCE,EQ,04-01-2024,2583.3,2588,2609.85,2579.1,2600,2596.65,2597.37,4806389,12483971503,267185,"30,03,090",62.48
RELIANCE,EQ,05-01-2024,2596.65,2602.9,2619.85,2598,2609,2607.7,2606.82,4043203,10539886698,211413,"22,80,572",56.41
RELIANCE,EQ,08-01-2024,2607.7,2610,2631.95,2568.95,2586,2587.35,2600.55,3867326,10057168474,171169,"22,08,577",57.11
RELIANCE,EQ,09-01-2024,2587.35,2600,2606.8,2577.2,2580.5,2580.5,2592.44,2701537,7003571442,130706,"16,58,627",61.40
RELIANCE,EQ,10-01-2024,2580.5,2577,2659,2575.05,2655,2650.1,2616.79,5551370,14526742702,179441,"33,39,874",60.16
RELIANCE,EQ,11-01-2024,2650.1,2659,2725,2657,2716,2719.8,2695.73,11862926,31979289600,581952,"79,93,082",67.38
RELIANCE,EQ,12-01-2024,2719.8,2719.8,2746.65,2691.5,2740.5,2741.45,2729.49,7506082,20487745085,434055,"45,97,780",61.25
RELIANCE,EQ,15-01-2024,2741.45,2750,2792.9,2732,2786,2788.25,2768.73,4305297,11920219926,237252,"25,44,119",59.09
RELIANCE,EQ,16-01-2024,2788.25,2779.95,2792.6,2741,2746.8,2749.25,2770.68,4534512,12563673259,235619,"27,48,547",60.61
RELIANCE,EQ,17-01-2024,2749.25,2719,2772.55,2710.05,2723.5,2723.15,2738.75,6098691,16702784158,312203,"38,90,087",63.79
RELIANCE,EQ,18-01-2024,2723.15,2702.8,2742,2702.5,2734.75,2735.9,2724.93,5139719,14005371080,253448,"30,23,891",58.83
RELIANCE,EQ,19-01-2024,2735.9,2752,2752,2718,2736.45,2734.9,2732.29,5211352,14238941783,275902,"29,77,206",57.13
RELIANCE,EQ,20-01-2024,2734.9,2730,2766.95,2700,2716,2713.3,2734.2,3641697,9957110929,128579,"13,48,080",37.02
RELIANCE,EQ,23-01-2024,2713.3,2743.5,2743.5,2645.1,2656.75,2657.15,2674.9,10027710,26823081585,337484,"75,88,796",75.68
RELIANCE,EQ,24-01-2024,2657.15,2670.45,2699,2647.85,2694.9,2687.75,2664.32,10959564,29199812068,253093,"84,88,857",77.46
RELIANCE,EQ,25-01-2024,2687.75,2685.9,2728.3,2670.4,2711,2706.15,2697.07,5904436,15924681036,199408,"33,49,043",56.72
RELIANCE,EQ,29-01-2024,2706.15,2729,2905,2720.35,2890.1,2896.1,2842.26,11946719,33955652629,464414,"55,23,879",46.24
RELIANCE,EQ,30-01-2024,2896.1,2919.9,2919.95,2808.85,2818.25,2815.25,2854.34,7046989,20114536191,314728,"36,88,941",52.35
RELIANCE,EQ,31-01-2024,2815.25,2808,2868.5,2805,2850,2853.25,2847.99,7565113,21545402809,343623,"46,39,003",61.32
RELIANCE,EQ,01-02-2024,2853.25,2870,2886.7,2836.1,2851.5,2853.3,2857.88,6674681,19075409130,259110,"34,09,296",51.08
RELIANCE,EQ,02-02-2024,2853.3,2866.35,2949.8,2866.35,2913,2915.4,2913.44,9826294,28628319859,420949,"45,52,813",46.33
RELIANCE,EQ,05-02-2024,2915.4,2921.5,2941,2863.05,2879.45,2878.05,2907.3,4407216,12813104310,197343,"22,69,459",51.49
RELIANCE,EQ,06-02-2024,2878.05,2883.7,2883.7,2839.65,2854.75,2855.6,2859.49,4523992,12936328248,240512,"27,53,486",60.86
RELIANCE,EQ,07-02-2024,2855.6,2871.85,2899,2858.5,2885,2884.3,2876.04,4648284,13368650631,228951,"25,82,820",55.57
RELIANCE,EQ,08-02-2024,2884.3,2900,2918.95,2855.05,2916,2900.25,2882.9,7347317,21181603385,320055,"33,35,852",45.40
RELIANCE,EQ,09-02-2024,2900.25,2908,2943.95,2901.9,2917.3,2921.5,2924.38,6278399,18360429343,248252,"31,87,415",50.77
RELIANCE,EQ,12-02-2024,2921.5,2921.5,2922,2884.7,2904,2904.7,2900.64,3337215,9680050428,170350,"18,94,566",56.77
RELIANCE,EQ,13-02-2024,2904.7,2911,2958,2908,2926.2,2930.2,2934.72,3857797,11321554003,178755,"18,92,852",49.07
RELIANCE,EQ,14-02-2024,2930.2,2915,2967.3,2915,2963.6,2962.75,2943.59,3558944,10476084978,200869,"19,53,682",54.89
RELIANCE,EQ,15-02-2024,2962.75,2966.7,2969.45,2933.05,2944.5,2941.2,2946.03,5003391,14740128066,236768,"22,41,593",44.80
RELIANCE,EQ,16-02-2024,2941.2,2952.95,2954,2917.1,2925,2921.15,2932.13,4883749,14319775078,170212,"30,86,745",63.20
RELIANCE,EQ,19-02-2024,2921.15,2924.1,2959,2907.05,2940,2948,2934.52,3364914,9874395305,143935,"18,75,370",55.73
RELIANCE,EQ,20-02-2024,2948,2950.05,2951,2923.6,2941.45,2942.05,2937.06,3558748,10452264181,172812,"22,72,438",63.85
RELIANCE,EQ,21-02-2024,2942.05,2948,2977.05,2915.1,2932.05,2935.4,2949.3,6360146,18757966312,289896,"42,35,202",66.59
RELIANCE,EQ,22-02-2024,2935.4,2936.3,2969.9,2916,2962.2,2963.5,2944.65,9246864,27228762576,273105,"49,81,085",53.87
RELIANCE,EQ,23-02-2024,2963.5,2979,2995.1,2966.7,2986.55,2987.25,2982.96,7219292,21534840027,255210,"42,63,991",59.06
RELIANCE,EQ,26-02-2024,2987.25,2987.1,2989.05,2965,2975.1,2974.65,2974.31,3756553,11173163736,141799,"27,28,420",72.63
RELIANCE,EQ,27-02-2024,2974.65,2966.05,2999.9,2956.1,2971,2971.3,2974.38,5413022,16100408444,197414,"38,45,450",71.04
RELIANCE,EQ,28-02-2024,2971.3,2966,2982.55,2900.35,2915,2911.25,2931.01,4323975,12673607275,216192,"24,49,550",56.65
RELIANCE,EQ,29-02-2024,2911.25,2930,2957.95,2909.05,2930.75,2921.6,2927.13,11814488,34582493287,298691,"78,42,843",66.38
RELIANCE,EQ,01-03-2024,2921.6,2927,3000,2925,2977,2984.25,2966.96,6066463,17998957521,272154,"32,34,333",53.31
RELIANCE,EQ,02-03-2024,2984.25,2984,3000.9,2976,2980.95,2982.15,2989.65,358150,1070743615,18856,"1,59,244",44.46
RELIANCE,EQ,04-03-2024,2982.15,2980.95,3024.9,2974.45,3010,3014.8,3003.93,5012210,15056320911,240680,"28,91,870",57.70
RELIANCE,EQ,05-03-2024,3014.8,3011.55,3014.8,2972.1,2996,3000.4,2992.5,3553834,10634836948,213477,"22,15,644",62.35
RELIANCE,EQ,06-03-2024,3000.4,2986.9,3018,2957,3002.85,3006,2991.36,3902838,11674786491,205634,"19,85,212",50.87
RELIANCE,EQ,07-03-2024,3006,3005.95,3006.2,2951.1,2957,2957.85,2973.36,4157863,12362839422,195070,"22,19,130",53.37
RELIANCE,EQ,11-03-2024,2957.85,2978,2978,2927,2928,2933.2,2950.2,5638565,16634894693,255615,"39,99,900",70.94
RELIANCE,EQ,12-03-2024,2933.2,2933.2,2976,2930.05,2953.5,2950.85,2956.49,4716339,13943814809,178946,"28,76,783",61.00
RELIANCE,EQ,13-03-2024,2950.85,2959.55,2966.2,2855.55,2873.2,2864.35,2889.98,6761067,19539320817,255973,"44,93,232",66.46
RELIANCE,EQ,14-03-2024,2864.35,2879.4,2897.05,2851,2870,2862.95,2871.07,9285551,26659495810,343017,"51,05,534",54.98
RELIANCE,EQ,15-03-2024,2862.95,2851.9,2866.45,2825.8,2838,2836.45,2839.66,9611909,27294538071,249827,"64,60,151",67.21
RELIANCE,EQ,18-03-2024,2836.45,2840,2883.45,2833.05,2874,2878.95,2858.1,4584696,13103538361,228224,"28,79,547",62.81
RELIANCE,EQ,19-03-2024,2878.95,2857.5,2875.2,2834.5,2849.15,2850.5,2848.79,4137882,11787973196,196658,"27,11,695",65.53
RELIANCE,EQ,20-03-2024,2850.5,2855.9,2890,2848.05,2886.25,2887.5,2874.53,4244403,12200651008,208132,"27,34,110",64.42
RELIANCE,EQ,21-03-2024,2887.5,2905.05,2915.8,2889.35,2900.05,2901.95,2903.52,6503468,18882974161,244846,"30,99,861",47.66
RELIANCE,EQ,22-03-2024,2901.95,2899.95,2920,2894.7,2906.55,2910.05,2909.59,9763804,28408677998,286746,"59,30,597",60.74
RELIANCE,EQ,26-03-2024,2910.05,2890,2904.8,2878,2886.7,2883.15,2887.28,5707953,16480430505,174805,"38,26,158",67.03
RELIANCE,EQ,27-03-2024,2883.15,2896,3000,2894,2983.75,2985.7,2972.19,8163322,24262983466,299800,"43,60,696",53.42
RELIANCE,EQ,28-03-2024,2985.7,2985.75,3011.9,2957.3,2970.3,2971.7,2988.81,10927182,32659243942,289271,"53,03,114",48.53
RELIANCE,EQ,01-04-2024,2971.7,2984.95,2987.95,2965,2974.8,2969.55,2973.78,2506940,7455079986,128873,"16,19,370",64.60
RELIANCE,EQ,02-04-2024,2969.55,2968,2988,2950,2977,2973.9,2964.64,4455083,13207726108,144866,"28,67,632",64.37
RELIANCE,EQ,03-04-2024,2973.9,2964.15,2968.9,2937.8,2944.95,2943.2,2950.91,3504146,10340431852,152022,"21,51,384",61.40
RELIANCE,EQ,04-04-2024,2943.2,2959.5,2959.5,2900,2931,2925.85,2924.41,7245136,21187769930,305593,"21,79,244",30.08
RELIANCE,EQ,05-04-2024,2925.85,2921.75,2941.6,2912,2925.95,2920.2,2924.97,3721149,10884250028,138742,"18,92,949",50.87
RELIANCE,EQ,08-04-2024,2920.2,2925.95,2981.95,2922,2970,2971.95,2967.76,4178559,12400963622,144054,"22,78,607",54.53
RELIANCE,EQ,09-04-2024,2971.95,2978,2979.6,2925,2931.9,2927.3,2942.09,3535707,10402378582,166238,"23,46,545",66.37
RELIANCE,EQ,10-04-2024,2927.3,2932.7,2974,2932.7,2955,2959.15,2956.51,4569165,13508781489,247782,"26,35,664",57.68
RELIANCE,EQ,12-04-2024,2959.15,2951.75,2972.95,2926.15,2937.15,2934.3,2950.89,7775506,22944647361,318190,"38,29,205",49.25
RELIANCE,EQ,15-04-2024,2934.3,2922,2964.25,2892.65,2931,2929.65,2937.49,6451031,18949808687,278625,"37,81,784",58.62
RELIANCE,EQ,16-04-2024,2929.65,2906.7,2942.35,2901.85,2936.5,2931.5,2922.76,4683092,13687564159,202013,"29,26,710",62.50
RELIANCE,EQ,18-04-2024,2931.5,2927,2972,2918.7,2925,2928.65,2940.33,9502846,27941531144,292105,"49,22,394",51.80
RELIANCE,EQ,19-04-2024,2928.65,2913.55,2948,2886.05,2943.05,2940.25,2922.72,7870889,23004385019,257506,"39,77,520",50.53
RELIANCE,EQ,22-04-2024,2940.25,2944.9,2965.65,2935.6,2962.9,2959.7,2950.88,5175181,15271348794,163758,"31,78,709",61.42
RELIANCE,EQ,23-04-2024,2959.7,2958,2987,2911.1,2919.5,2918.65,2944.51,7302777,21503128837,339439,"37,61,791",51.51
RELIANCE,EQ,24-04-2024,2918.65,2927,2937.1,2899,2901.45,2900.35,2917.88,5231388,15264581699,186848,"34,66,158",66.26
RELIANCE,EQ,25-04-2024,2900.35,2885,2935.95,2883,2917.7,2919.95,2914.62,7971963,23235272655,236911,"36,42,640",45.69
RELIANCE,EQ,26-04-2024,2919.95,2927.9,2930,2900,2908.5,2905.1,2911.85,4706924,13705873643,208164,"22,04,091",46.83
RELIANCE,EQ,29-04-2024,2905.1,2900,2935.8,2900,2927.5,2930.05,2926.58,3623987,10605875231,158806,"21,66,495",59.78
RELIANCE,EQ,30-04-2024,2930.05,2936,2966.15,2925.75,2932,2934,2947.6,5737131,16910777825,210901,"39,80,936",69.39
RELIANCE,EQ,02-05-2024,2934,2944,2954.65,2928.25,2938.1,2933.1,2941.23,7256323,21342518419,306721,"32,87,714",45.31
RELIANCE,EQ,03-05-2024,2933.1,2942,2949.9,2832.3,2871,2868,2876.27,8613479,24774710140,358280,"40,48,315",47.00
RELIANCE,EQ,06-05-2024,2868,2871,2880,2836,2843.4,2839.05,2851.8,3697104,10543411394,168077,"24,53,033",66.35
RELIANCE,EQ,07-05-2024,2839.05,2831.95,2841.5,2784,2808,2802.95,2804.43,7258736,20356596310,308242,"53,07,006",73.11
RELIANCE,EQ,08-05-2024,2802.95,2795,2865.9,2795,2834.25,2837.1,2834.7,4719501,13378380315,191054,"23,97,954",50.81
RELIANCE,EQ,09-05-2024,2837.1,2826,2847.5,2780,2785,2788.25,2800.69,5504806,15417256017,280459,"28,11,418",51.07
RELIANCE,EQ,10-05-2024,2788.25,2793.5,2820,2776.15,2808,2814.85,2800.8,5252548,14711341391,238752,"25,92,880",49.36
RELIANCE,EQ,13-05-2024,2814.85,2799.8,2813.95,2768,2805,2805.4,2795.26,4228310,11819208708,200542,"27,54,958",65.16
RELIANCE,EQ,14-05-2024,2805.4,2801.95,2854.15,2800.05,2839,2840.15,2834.55,3594150,10187793904,248782,"21,58,301",60.05
RELIANCE,EQ,15-05-2024,2840.15,2841,2859.95,2826.05,2831.7,2832.55,2841.94,2523267,7170975946,147326,"13,09,376",51.89
RELIANCE,EQ,16-05-2024,2832.55,2837.1,2855,2796.05,2851,2850.7,2830.3,7355887,20819370914,359411,"33,56,155",45.63
RELIANCE,EQ,17-05-2024,2850.7,2846.1,2874.4,2826.5,2870.1,2871.4,2859.68,5458238,15608799278,200677,"28,81,542",52.79
RELIANCE,EQ,18-05-2024,2871.4,2875,2879,2865.4,2869.5,2869.65,2871.38,213020,611660842,9456,"90,530",42.50
RELIANCE,EQ,21-05-2024,2869.65,2851.2,2883.65,2851.2,2867.95,2872.25,2867.19,5588064,16022037766,303596,"39,14,279",70.05
RELIANCE,EQ,22-05-2024,2872.25,2872.55,2937.55,2872.55,2921,2921.3,2918.56,5140802,15003755080,241909,"24,63,482",47.92
RELIANCE,EQ,23-05-2024,2921.3,2917.1,2984.45,2910,2969,2972.1,2956.98,7304130,21598131627,254418,"38,47,085",52.67
RELIANCE,EQ,24-05-2024,2972.1,2967.25,2977,2952.2,2959,2960.5,2962.79,3547388,10510170789,142807,"19,90,641",56.12
RELIANCE,EQ,27-05-2024,2960.5,2960.45,2969.8,2923.1,2934.9,2932.5,2944.31,3314505,9758927331,142936,"20,38,448",61.50
RELIANCE,EQ,28-05-2024,2932.5,2936,2957,2905.5,2911,2912.4,2930.7,3910081,11459272720,177899,"25,73,753",65.82
RELIANCE,EQ,29-05-2024,2912.4,2893,2916,2876.9,2881.05,2881.55,2892.28,3691778,10677649559,166778,"23,16,089",62.74
RELIANCE,EQ,30-05-2024,2881.55,2871,2880.8,2840.2,2859.1,2849.7,2853.56,6603429,18843310310,248791,"44,20,496",66.94
RELIANCE,EQ,31-05-2024,2849.7,2862.6,2884.5,2844.5,2859,2860.8,2859.97,15534916,44429352174,291018,"91,87,285",59.14
RELIANCE,EQ,03-06-2024,2860.8,2966,3029,2918,3027.75,3020.65,2978.07,10763971,32055904968,527552,"61,99,702",57.60
RELIANCE,EQ,04-06-2024,3020.65,2996.1,2996.1,2718.6,2816.45,2794.55,2840.81,18354549,52141856367,687198,"99,82,307",54.39
RELIANCE,EQ,05-06-2024,2794.55,2844,2862.3,2768.2,2838.85,2841.5,2821.32,8732445,24637003698,474290,"51,03,076",58.44
RELIANCE,EQ,06-06-2024,2841.5,2870,2887.4,2842.7,2872,2863.2,2860.47,8927861,25537885916,361277,"33,82,329",37.89
RELIANCE,EQ,07-06-2024,2863.2,2857,2944,2853,2931.1,2939.9,2917.34,9279348,27071000142,344744,"45,62,543",49.17
RELIANCE,EQ,10-06-2024,2939.9,2939.9,2986.7,2936.15,2944.05,2942.8,2961.63,4625880,13700144471,213285,"23,34,693",50.47
RELIANCE,EQ,11-06-2024,2942.8,2938,2947.35,2909.35,2915.05,2913.35,2927.47,5887451,17235309310,210257,"40,01,727",67.97
RELIANCE,EQ,12-06-2024,2913.35,2915,2952,2910.35,2924.5,2926.65,2933.93,5040871,14789562953,194907,"26,48,229",52.54
RELIANCE,EQ,13-06-2024,2926.65,2944,2944.5,2920.2,2927.6,2930.5,2932.52,4590580,13461977300,150823,"23,87,206",52.00
RELIANCE,EQ,14-06-2024,2930.5,2940,2959.35,2914.45,2951.45,2955.1,2944.28,4078999,12009735004,150934,"22,50,406",55.17
RELIANCE,EQ,18-06-2024,2955.1,2974.7,2974.8,2942.7,2959.9,2962.05,2956.95,3598383,10640238520,228749,"21,37,177",59.39
RELIANCE,EQ,19-06-2024,2962.05,2975,2975,2912,2917,2917.3,2935.27,4362937,12806397074,181800,"23,95,420",54.90
RELIANCE,EQ,20-06-2024,2917.3,2918,2965.7,2900.2,2949,2947.4,2945.61,8056888,23732484115,219372,"35,70,538",44.32
RELIANCE,EQ,21-06-2024,2947.4,2947.25,2949.4,2881.15,2912,2908.4,2909.13,15585180,45339357875,338377,"82,87,080",53.17
RELIANCE,EQ,24-06-2024,2908.4,2891.05,2899,2875,2885,2882.95,2885.46,4439193,12809105424,204050,"28,55,921",64.33
RELIANCE,EQ,25-06-2024,2882.95,2886,2911.85,2882,2905.05,2908.3,2897.19,3522693,10205907632,143772,"21,90,920",62.19
RELIANCE,EQ,26-06-2024,2908.3,2892.1,3037.95,2890.25,3021.1,3028.05,2984.44,11007441,32850999299,355204,"57,33,584",52.09
RELIANCE,EQ,27-06-2024,3028.05,3027.5,3075,3012,3057.1,3061.1,3056.99,14191515,43383260604,437882,"65,00,132",45.80
RELIANCE,EQ,28-06-2024,3061.1,3062.05,3162,3062.05,3128.25,3130.8,3120.51,14478668,45180850345,484009,"65,89,495",45.51
RELIANCE,EQ,01-07-2024,3130.8,3125.05,3158.8,3111.35,3123,3120.3,3126.53,3862153,12075137299,186641,"20,85,115",53.99
RELIANCE,EQ,02-07-2024,3120.3,3139,3147,3114,3126.2,3130.35,3129.71,3874623,12126429929,179115,"19,79,657",51.09
RELIANCE,EQ,03-07-2024,3130.35,3132.65,3150,3085.55,3109,3104.85,3104.97,4524810,14049406823,185754,"24,29,008",53.68
RELIANCE,EQ,04-07-2024,3104.85,3114,3135,3101.6,3106,3108.05,3116.99,3418588,10655715706,173336,"14,53,692",42.52
RELIANCE,EQ,05-07-2024,3108.05,3107.65,3197,3096,3189.9,3177.25,3149.82,6134855,19323716028,261494,"23,32,341",38.02
RELIANCE,EQ,08-07-2024,3177.25,3178,3217.6,3165.05,3201.5,3201.8,3195.83,4750403,15181479273,240527,"29,27,071",61.62
RELIANCE,EQ,09-07-2024,3201.8,3195.2,3201,3161,3176.3,3180.55,3178.56,3480001,11061403125,159638,"22,08,053",63.45
RELIANCE,EQ,10-07-2024,3180.55,3190,3195,3126.3,3164,3168.45,3154.77,3567289,11253968347,182113,"17,41,440",48.82
RELIANCE,EQ,11-07-2024,3168.45,3175,3208.5,3141,3170,3161.3,3169.61,5970473,18924071475,246252,"25,20,003",42.21
RELIANCE,EQ,12-07-2024,3161.3,3169,3210.3,3149,3195,3193.45,3186.07,6462392,20589634191,246838,"28,05,611",43.41
RELIANCE,EQ,15-07-2024,3193.45,3208.9,3211.7,3171,3193.6,3194.45,3191.4,2664844,8504591755,187867,"13,99,220",52.51
RELIANCE,EQ,16-07-2024,3194.45,3187,3200,3138.25,3148.3,3152.5,3166.04,4693419,14859548266,230262,"30,80,601",65.64
RELIANCE,EQ,18-07-2024,3152.5,3152,3187.8,3115.65,3170.6,3173.35,3155.52,6149187,19403909511,212178,"29,35,862",47.74
RELIANCE,EQ,19-07-2024,3173.35,3172,3179.95,3105.6,3116.95,3110.3,3128.4,6570195,20554178349,213186,"40,48,947",61.63
RELIANCE,EQ,22-07-2024,3110.3,3074.5,3075,2998.55,3004,3001.35,3016.24,9837188,29671339998,465224,"59,72,016",60.71
RELIANCE,EQ,23-07-2024,3001.35,3002,3011.5,2926,2970.05,2975.8,2969.6,9026022,26803649946,384359,"51,11,782",56.63
RELIANCE,EQ,24-07-2024,2975.8,2970,3019,2952.8,2988,2991.4,2987.68,5956681,17796651408,232120,"27,33,402",45.89
RELIANCE,EQ,25-07-2024,2991.4,2962,3000.95,2954.15,2988.35,2984.8,2980.72,6259938,18659122151,221753,"37,29,490",59.58
RELIANCE,EQ,26-07-2024,2984.8,2984.8,3024.85,2980.7,3018.6,3018.05,3012.08,4929970,14849480971,180757,"23,96,373",48.61
RELIANCE,EQ,29-07-2024,3018.05,3023.9,3055,3023.55,3038.25,3040.2,3038.43,3769275,11452661155,170155,"22,06,938",58.55
RELIANCE,EQ,30-07-2024,3040.2,3034.05,3050,3020,3023,3026.3,3033.38,4114104,12479637390,184296,"24,14,027",58.68
RELIANCE,EQ,31-07-2024,3026.3,3008,3020.9,3002.3,3009,3010.85,3010.83,5028673,15140471170,201961,"32,24,303",64.12
RELIANCE,EQ,01-08-2024,3010.85,3024,3036,3008.6,3035.9,3030.6,3025.5,5382111,16283566572,219081,"36,47,873",67.78
RELIANCE,EQ,02-08-2024,3030.6,3010,3018.65,2986.55,2992,2998.65,3001.82,5134124,15411692078,176635,"31,86,337",62.06
RELIANCE,EQ,05-08-2024,2998.65,2960,2967.8,2866.5,2896,2894.65,2901.81,8523352,24733128212,448630,"55,50,149",65.12
RELIANCE,EQ,06-08-2024,2894.65,2910.3,2955,2902.65,2915.55,2912.1,2929.53,5118093,14993589440,197549,"26,51,919",51.81
RELIANCE,EQ,07-08-2024,2912.1,2938,2945,2923,2930,2929.65,2930.89,4087284,11979363871,276362,"25,97,947",63.56
RELIANCE,EQ,08-08-2024,2929.65,2915.05,2930,2891.85,2896.45,2898.25,2905.69,6193596,17996662106,255138,"37,34,582",60.30
RELIANCE,EQ,09-08-2024,2898.25,2920,2953,2912,2946.1,2948.6,2939.2,3124888,9184680574,150169,"14,06,089",45.00
RELIANCE,EQ,12-08-2024,2948.6,2940,2946,2915.5,2923,2921.25,2929.82,4092292,11989680026,188301,"26,40,196",64.52
RELIANCE,EQ,13-08-2024,2921.25,2921.5,2940.15,2916,2925,2927.25,2928.29,3132532,9172971803,134517,"17,57,602",56.11
RELIANCE,EQ,14-08-2024,2927.25,2927.1,2944,2907.4,2920.1,2923.7,2925.78,3133733,9168616381,185733,"17,48,077",55.78
RELIANCE,EQ,16-08-2024,2923.7,2937.3,2960.8,2916.1,2957.75,2956.4,2944.77,4708451,13865325210,187365,"21,41,288",45.48
RELIANCE,EQ,19-08-2024,2956.4,2965,2996.6,2961,2979,2976.8,2980.25,6898871,20560327725,200328,"46,27,354",67.07
RELIANCE,EQ,20-08-2024,2976.8,2994.45,3007.85,2980.05,2986.5,2991.9,2996.98,4205904,12605024714,175516,"27,65,914",65.76
RELIANCE,EQ,21-08-2024,2991.9,2986.5,3015.75,2980,2999,2997.35,3001.42,3884998,11660526039,141353,"25,16,019",64.76
RELIANCE,EQ,22-08-2024,2997.35,3006,3013,2981.3,2996.5,2996.25,2994.88,5222891,15641935953,233216,"32,22,286",61.70
RELIANCE,EQ,23-08-2024,2996.25,3007.5,3022.65,2996.85,2996.85,2999.95,3007.21,4624827,13907842193,168002,"24,66,304",53.33
RELIANCE,EQ,26-08-2024,2999.95,3013.95,3046,3006,3021.2,3025.2,3028.8,4408057,13351114538,237540,"27,04,777",61.36
RELIANCE,EQ,27-08-2024,3025.2,3021,3026.95,2998.9,3001,3000.9,3008.12,3125578,9402108149,101024,"20,14,932",64.47
RELIANCE,EQ,28-08-2024,3000.9,3010,3014.95,2986,2999,2996.6,2999.57,4805143,14413356126,200883,"34,80,824",72.44
RELIANCE,EQ,29-08-2024,2996.6,3006.2,3074,2988,3042.9,3041.85,3038.57,19167679,58242337591,570843,"79,84,285",41.65
RELIANCE,EQ,30-08-2024,3041.85,3068,3079.45,3006.65,3024.95,3019.25,3026.71,20810365,62987009676,599570,"1,19,10,770",57.23
RELIANCE,EQ,02-09-2024,3019.25,3021.75,3053.6,3013.25,3034.4,3032.5,3034.1,5620426,17052933371,280541,"34,03,958",60.56
RELIANCE,EQ,03-09-2024,3032.5,3042.5,3046,3015,3018.9,3018.25,3026.09,5461900,16528193207,226578,"39,88,825",73.03
RELIANCE,EQ,04-09-2024,3018.25,3001.4,3035,2999,3031.95,3029.1,3023.3,5991652,18114582556,252191,"42,96,024",71.70
RELIANCE,EQ,05-09-2024,3029.1,3038.1,3051.55,2974.1,2991,2985.95,3007.1,8132084,24453950050,343225,"48,97,259",60.22
RELIANCE,EQ,06-09-2024,2985.95,2985,2994,2923.25,2930.95,2929.65,2938.97,9697114,28499495837,447718,"54,84,238",56.56
RELIANCE,EQ,09-09-2024,2929.65,2933,2939.85,2911.2,2927,2924.9,2923.84,4505149,13172342173,179506,"28,68,460",63.67
RELIANCE,EQ,10-09-2024,2924.9,2921,2944.1,2915.15,2924,2923.05,2928.75,5384130,15768777163,186858,"33,07,014",61.42
RELIANCE,EQ,11-09-2024,2923.05,2926.1,2937.5,2895.1,2904.45,2903,2917.1,4880101,14235732813,254431,"29,98,632",61.45
RELIANCE,EQ,12-09-2024,2903,2914,2972,2891.75,2953,2959.6,2930.24,11174688,32744474467,365694,"56,88,113",50.90
RELIANCE,EQ,13-09-2024,2959.6,2952.8,2966.3,2939,2946.5,2945.25,2951.65,4355664,12856398758,133244,"22,93,496",52.66
RELIANCE,EQ,16-09-2024,2945.25,2955.1,2961.8,2929.5,2944.35,2942.7,2944.45,2740887,8070408900,127429,"16,50,005",60.20
RELIANCE,EQ,17-09-2024,2942.7,2948,2954.95,2933.25,2945,2944.6,2943.09,2967664,8734102750,148458,"19,62,511",66.13
RELIANCE,EQ,18-09-2024,2944.6,2940,2964,2921.1,2923,2926.9,2939.96,4287357,12604650689,179852,"27,16,778",63.37
RELIANCE,EQ,19-09-2024,2926.9,2932.5,2953,2911.1,2940,2939.35,2934.14,8477951,24875502062,259931,"51,62,238",60.89
RELIANCE,EQ,20-09-2024,2939.35,2948,2990,2942.75,2972.1,2971.85,2970.54,15448660,45890894256,379677,"85,64,168",55.44
RELIANCE,EQ,23-09-2024,2971.85,2982,3003,2977.9,2985,2986.75,2990.93,4416157,13208420985,146805,"27,66,969",62.66
RELIANCE,EQ,24-09-2024,2986.75,2977,3001,2975.75,2980.5,2978.75,2986.14,8568722,25587444695,201586,"69,26,041",80.83
RELIANCE,EQ,25-09-2024,2978.75,2967.8,2993,2960.4,2988.05,2987.9,2976.46,3534501,10520289097,154120,"21,70,405",61.41
RELIANCE,EQ,26-09-2024,2987.9,2981.3,3008,2976.1,3008,2995.9,2994.82,9409499,28179760605,259792,"63,88,610",67.90
RELIANCE,EQ,27-09-2024,2995.9,2998,3066.95,2984,3047.05,3052.35,3024.87,10298739,31152328126,328612,"71,92,739",69.84
RELIANCE,EQ,30-09-2024,3052.35,3038.8,3049.95,2948.8,2958,2953.15,2977.44,13504407,40208625079,431656,"97,72,452",72.36
RELIANCE,EQ,01-10-2024,2953.15,2961.3,2975.9,2925.65,2927,2929.65,2938.6,8215821,24142992537,330546,"58,33,186",71.00
RELIANCE,EQ,03-10-2024,2929.65,2873.15,2898.8,2804.15,2813.95,2813.95,2846.93,18878647,53746234226,689559,"1,33,01,627",70.46
RELIANCE,EQ,04-10-2024,2813.95,2807.85,2834.7,2763.55,2771.5,2773.05,2796.15,18536438,51830708671,534690,"1,09,30,510",58.97
RELIANCE,EQ,07-10-2024,2773.05,2787,2793,2722.75,2740.7,2741.45,2750.92,11090670,30509518408,423167,"78,80,470",71.05
RELIANCE,EQ,08-10-2024,2741.45,2745.95,2802,2730.2,2798.95,2794.7,2768.6,8510404,23561905588,358981,"52,45,628",61.64
RELIANCE,EQ,09-10-2024,2794.7,2795.05,2801.95,2745,2748,2749.2,2773.49,7155305,19845168138,358324,"46,24,596",64.63
RELIANCE,EQ,10-10-2024,2749.2,2760.05,2772,2738.85,2742.5,2742.1,2749.69,11179323,30739675825,364305,"80,88,422",72.35
RELIANCE,EQ,11-10-2024,2742.1,2740,2766.55,2737.65,2749,2744.2,2751.19,3990061,10977431924,197702,"18,59,446",46.60
RELIANCE,EQ,14-10-2024,2744.2,2758.9,2760.15,2736.5,2745.5,2745.05,2746.12,6110716,16780732590,233903,"41,47,617",67.87
RELIANCE,EQ,15-10-2024,2745.05,2717.05,2743.4,2681.4,2688.6,2688.05,2708.71,16881397,45726823453,602869,"1,11,51,853",66.06
RELIANCE,EQ,16-10-2024,2688.05,2680,2728,2675.25,2709.4,2708.15,2696.84,10017219,27014852678,356705,"62,61,479",62.51
RELIANCE,EQ,17-10-2024,2708.15,2731.4,2736.9,2704.1,2713.3,2712.85,2718.84,7771830,21130392927,383984,"49,06,216",63.13
RELIANCE,EQ,18-10-2024,2712.85,2704.35,2736.85,2682.65,2717,2718.6,2713.87,6041226,16395116699,295032,"31,08,315",51.45
RELIANCE,EQ,21-10-2024,2718.6,2734.25,2748,2715.45,2736,2738.4,2734.41,7033704,19233063988,228845,"47,05,858",66.90
RELIANCE,EQ,22-10-2024,2738.4,2738.4,2752,2680.45,2684.15,2686.7,2707.8,7915980,21434871570,363161,"51,47,016",65.02
RELIANCE,EQ,23-10-2024,2686.7,2675,2714.95,2670,2682.35,2677.05,2688.32,8607371,23139346660,337356,"54,62,528",63.46
RELIANCE,EQ,24-10-2024,2677.05,2670.55,2687.4,2646.25,2678.9,2679.6,2668.53,11077967,29561935443,345601,"72,70,549",65.63
RELIANCE,EQ,25-10-2024,2679.6,2687,2688.7,2644,2656.3,2655.7,2659.8,9298748,24732826126,388238,"59,55,260",64.04
RELIANCE,EQ,28-10-2024,2655.7,1337,1353,1322.1,1335,1334.35,1337.7,10824350,14479733719,368817,"65,28,553",60.31
RELIANCE,EQ,29-10-2024,1334.35,1328.1,1343.2,1320.3,1340,1340,1331.46,12008361,15988683034,436915,"78,68,884",65.53
RELIANCE,EQ,30-10-2024,1340,1335,1350,1325.35,1344.85,1343.9,1341.16,11984423,16073073274,295954,"75,01,497",62.59
RELIANCE,EQ,31-10-2024,1343.9,1340,1343,1326.15,1332,1332.05,1334.14,9331650,12449744607,414741,"61,20,942",65.59
RELIANCE,EQ,01-11-2024,1332.05,1333.05,1341.95,1333,1338.4,1338.65,1338.89,2127335,2848264120,127374,"14,96,974",70.37
RELIANCE,EQ,04-11-2024,1338.65,1337.85,1340,1285.1,1298.5,1302.15,1301.44,19796890,25764450097,554958,"1,08,30,488",54.71
RELIANCE,EQ,05-11-2024,1302.15,1293,1309.55,1286.15,1307.5,1305.3,1297.87,16267479,21113119456,371758,"93,88,843",57.72
RELIANCE,EQ,06-11-2024,1305.3,1310,1328.3,1300.2,1326,1325.35,1315.57,21625209,28449504045,349627,"1,38,15,044",63.88
RELIANCE,EQ,07-11-2024,1325.35,1324,1324,1302.6,1305,1305.65,1308.97,9611974,12581800339,261277,"57,53,322",59.86
RELIANCE,EQ,08-11-2024,1305.65,1297.65,1301.65,1275,1280.2,1283.75,1284.01,19814406,25441900936,477001,"1,23,81,972",62.49
RELIANCE,EQ,11-11-2024,1283.75,1278.95,1286,1267,1273.4,1272.7,1275.44,9056552,11551068873,286019,"50,20,499",55.43
RELIANCE,EQ,12-11-2024,1272.7,1275.55,1289.3,1267.5,1269.5,1274.25,1277.82,10671091,13635694812,299780,"56,61,871",53.06
RELIANCE,EQ,13-11-2024,1274.25,1270.25,1275.45,1249.5,1252.7,1252.05,1258.62,14633633,18418208536,469215,"93,21,511",63.70
RELIANCE,EQ,14-11-2024,1252.05,1253.6,1272.6,1251.1,1266.9,1267.6,1263.73,12612633,15938929093,301253,"69,76,289",55.31
RELIANCE,EQ,18-11-2024,1267.6,1267.6,1272.9,1243.9,1259.15,1260.75,1258.64,13620611,17143501436,301906,"83,67,305",61.43
RELIANCE,EQ,19-11-2024,1260.75,1260.75,1281.5,1235.15,1237.4,1241.65,1265.5,14183746,17949463404,355649,"87,27,273",61.53
RELIANCE,EQ,21-11-2024,1241.65,1241.65,1243.95,1217.25,1220.45,1223,1224.92,19433843,23804902095,553410,"1,18,29,284",60.87
RELIANCE,EQ,22-11-2024,1223,1229.4,1268.85,1222.45,1264,1265.4,1247.09,20471957,25530460769,323219,"1,29,48,565",63.25
RELIANCE,EQ,25-11-2024,1265.4,1290,1304.45,1282.45,1290.95,1287,1291.52,28923341,37355089803,390544,"1,74,23,873",60.24
RELIANCE,EQ,26-11-2024,1287,1294.95,1297.85,1284.2,1295.6,1295.7,1292.03,9247557,11948133608,218738,"55,67,334",60.20
RELIANCE,EQ,27-11-2024,1295.7,1293.5,1303.85,1286,1293.4,1293.2,1293.84,9572746,12385614506,196614,"51,87,301",54.19
RELIANCE,EQ,28-11-2024,1293.2,1289.95,1296.6,1269.05,1272.75,1270.8,1280.74,15027412,19246153609,311959,"90,97,251",60.54
RELIANCE,EQ,29-11-2024,1270.8,1280,1299.5,1275.25,1291.5,1292.2,1290.83,13202307,17041975592,280529,"73,50,281",55.67
RELIANCE,EQ,02-12-2024,1292.2,1288,1311.35,1277.05,1310.6,1309.15,1298.6,11024152,14315972963,272825,"50,90,869",46.18
RELIANCE,EQ,03-12-2024,1309.15,1317,1326.8,1307,1325.05,1323.3,1320.68,16869482,22279247258,349204,"1,22,30,775",72.50
RELIANCE,EQ,04-12-2024,1323.3,1326,1328.4,1304.05,1309.5,1308.95,1310.74,19608540,25701743569,250873,"1,40,47,215",71.64
RELIANCE,EQ,05-12-2024,1308.95,1314.35,1329.95,1306.15,1320.9,1322.05,1319.78,16858723,22249886630,309667,"79,09,470",46.92
RELIANCE,EQ,06-12-2024,1322.05,1323.9,1323.9,1310,1311.6,1311.55,1314.49,9037514,11879701934,193736,"55,46,164",61.37
RELIANCE,EQ,09-12-2024,1311.55,1303,1315,1293.1,1296.4,1295.15,1304.1,14650002,19105110925,202850,"99,86,486",68.17
RELIANCE,EQ,10-12-2024,1295.15,1289.25,1294.9,1280.2,1285.95,1284.85,1286.46,16043729,20639594557,456341,"1,17,83,897",73.45
RELIANCE,EQ,11-12-2024,1284.85,1285,1290,1276.05,1279,1278.2,1282.33,11724373,15034457833,272365,"81,34,158",69.38
RELIANCE,EQ,12-12-2024,1278.2,1270,1278.2,1260.6,1261.3,1262.9,1265.58,20906813,26459166489,363205,"1,38,08,070",66.05
RELIANCE,EQ,13-12-2024,1262.9,1260,1275.2,1239.6,1274.45,1272.85,1257.5,28630222,36002621429,482467,"1,77,92,504",62.15
RELIANCE,EQ,16-12-2024,1272.85,1275,1281,1266.55,1268.4,1268.3,1271.94,9486781,12066629924,224571,"55,73,377",58.75
RELIANCE,EQ,17-12-2024,1268.3,1261.05,1263.9,1242.8,1244.7,1245.3,1249.22,17462791,21814794517,481698,"1,11,18,567",63.67
RELIANCE,EQ,18-12-2024,1245.3,1240.65,1259.95,1240.65,1254.35,1253.25,1252.58,12670179,15870398087,266155,"69,88,693",55.16
RELIANCE,EQ,19-12-2024,1253.25,1239,1244.9,1229,1230.5,1230.45,1235.73,14244653,17602540036,503893,"93,61,064",65.72
TCS,EQ,19-12-2023,3859.2,3845,3855.1,3790,3808,3816.2,3814.98,2004435,7646876717,133647,"10,88,070",54.28
TCS,EQ,20-12-2023,3816.2,3827.25,3898.8,3766.55,3774,3780.05,3841.02,2586083,9933185211,173222,"13,45,951",52.05
TCS,EQ,21-12-2023,3780.05,3756.25,3806.7,3743.35,3796.65,3787.5,3783.4,1517562,5741545165,141897,"6,61,412",43.58
TCS,EQ,22-12-2023,3787.5,3800,3845.95,3762,3814,3824,3805.11,2413058,9181961990,210826,"13,29,736",55.11
TCS,EQ,26-12-2023,3824,3819.85,3834,3790.15,3798.1,3795.55,3806.25,1285231,4891912409,105834,"7,46,906",58.11
TCS,EQ,27-12-2023,3795.55,3799,3818.2,3768,3808,3811.2,3792.62,1293976,4907556180,135647,"7,79,111",60.21
TCS,EQ,28-12-2023,3811.2,3824,3838,3792.1,3796.15,3799.9,3811.22,1682889,6413855833,133761,"10,16,895",60.43
TCS,EQ,29-12-2023,3799.9,3792,3822.6,3765.4,3800,3793.4,3796.92,1574996,5980129694,131434,"10,04,864",63.80
TCS,EQ,01-01-2024,3793.4,3790,3832,3773,3803,3811.1,3804.27,825907,3141974601,94008,"4,21,397",51.02
TCS,EQ,02-01-2024,3811.1,3811.1,3811.1,3767.25,3781.15,3783.2,3787.05,1344068,5090055959,133902,"9,28,322",69.07
TCS,EQ,03-01-2024,3783.2,3767,3771.85,3687.05,3692.6,3691.75,3711.76,1803075,6692584988,208012,"11,88,251",65.90
TCS,EQ,04-01-2024,3691.75,3701.75,3719,3651,3668.6,3666.8,3668.32,3598144,13199152251,220494,"26,70,094",74.21
TCS,EQ,05-01-2024,3666.8,3675,3747.75,3674.85,3738.6,3737.9,3721.7,1963127,7306170830,155406,"10,33,124",52.63
TCS,EQ,08-01-2024,3737.9,3737.9,3739.75,3672.4,3680.85,3678.3,3696.43,1067805,3947062246,137547,"6,29,551",58.96
TCS,EQ,09-01-2024,3678.3,3709.95,3752.35,3682.75,3696,3689.9,3716.16,1370944,5094642956,112174,"7,56,812",55.20
TCS,EQ,10-01-2024,3689.9,3690,3729.25,3688,3707.05,3713.05,3706.94,1292227,4790202220,111912,"7,55,246",58.45
TCS,EQ,11-01-2024,3713.05,3724,3773,3707,3726.7,3735.55,3738.42,1777909,6646566141,135916,"8,99,818",50.61
TCS,EQ,12-01-2024,3735.55,3848,3905.25,3821.6,3881.9,3882.8,3873.63,6813450,26392805818,337824,"37,68,543",55.31
TCS,EQ,15-01-2024,3882.8,3960,3965,3885,3902,3903.8,3922.67,2801505,10989386687,265310,"15,62,049",55.76
TCS,EQ,16-01-2024,3903.8,3899,3899,3855.55,3861.05,3861.3,3873.57,1432672,5549555028,157027,"9,00,573",62.86
TCS,EQ,17-01-2024,3861.3,3819,3909.95,3812.55,3880,3884.6,3882.57,3458696,13428630128,161556,"22,30,573",64.49
TCS,EQ,18-01-2024,3884.6,3898,3908.8,3862,3902,3902.6,3887.98,2239110,8705605580,200495,"13,62,977",60.87
TCS,EQ,19-01-2024,3902.6,3945,3963.55,3915.05,3947,3943.05,3942.73,2941975,11599414329,272591,"19,33,463",65.72
TCS,EQ,20-01-2024,3943.05,3948,3955.65,3855.55,3859.3,3860.65,3896.81,516477,2012614827,47373,"2,22,448",43.07
TCS,EQ,23-01-2024,3860.65,3900,3933.9,3842.75,3860.05,3858.25,3881.8,2618854,10165879227,214176,"17,56,285",67.06
TCS,EQ,24-01-2024,3858.25,3880,3883.65,3805.6,3859.4,3841.8,3842.01,2657709,10210948798,119466,"19,84,308",74.66
TCS,BL,25-01-2024,3514.65,3841.8,3841.8,3841.8,3841.8,3841.8,3841.8,27024,103820803.2,1,-,-
TCS,EQ,25-01-2024,3841.8,3839.9,3861,3778.7,3807,3810.3,3803.09,2205154,8386394649,186169,"13,32,663",60.43
TCS,EQ,29-01-2024,3810.3,3800.8,3820,3780.85,3807,3801,3798.49,1646747,6255155336,114028,"11,42,824",69.40
TCS,EQ,30-01-2024,3801,3807.45,3847.8,3787,3801.4,3800.55,3816.76,1411621,5387816849,96931,"9,14,543",64.79
TCS,EQ,31-01-2024,3800.55,3811.2,3834,3796.45,3804,3815.95,3814.91,2459358,9382220705,166663,"18,24,652",74.19
TCS,EQ,01-02-2024,3815.95,3820,3904.9,3805.05,3842.65,3854.15,3863.88,2363107,9130767056,200156,"12,67,308",53.63
TCS,EQ,02-02-2024,3854.15,3875.05,3984.4,3872,3959.2,3966.3,3944.48,2826510,11149116303,271200,"14,35,372",50.78
TCS,EQ,05-02-2024,3966.3,3983,4022,3962.1,3966.95,3973.3,3996.07,1691523,6759438477,156341,"10,15,070",60.01
TCS,EQ,06-02-2024,3973.3,3997,4149.9,3990,4129.35,4136,4106.33,4474396,18373368282,325723,"24,79,611",55.42
TCS,EQ,07-02-2024,4136,4153,4155,4073.95,4085,4083.4,4115.33,2124267,8742061110,177689,"14,33,758",67.49
TCS,EQ,08-02-2024,4083.4,4090,4158,4086.05,4137.85,4134.1,4122.74,2345173,9668540283,212471,"9,46,960",40.38
TCS,EQ,09-02-2024,4134.1,4136.55,4184.75,4100,4132,4133.7,4135.5,2100596,8687013883,204415,"8,36,221",39.81
TCS,EQ,12-02-2024,4133.7,4130,4159.6,4105.55,4119,4120.7,4128.1,1013716,4184716444,110339,"5,45,028",53.77
TCS,EQ,13-02-2024,4120.7,4125.45,4170,4081.5,4145,4149.5,4130.03,1257415,5193163730,140800,"7,57,833",60.27
TCS,EQ,14-02-2024,4149.5,4107,4114.9,4049.5,4106,4100.1,4092.1,1391283,5693275186,126863,"8,44,545",60.70
TCS,EQ,15-02-2024,4100.1,4128,4146.3,4083,4106,4103.2,4107.34,1091582,4483499686,117286,"4,79,725",43.95
TCS,EQ,16-02-2024,4103.2,4113.25,4147.95,4100.1,4122.3,4128.3,4124.07,1307556,5392447498,125414,"6,60,555",50.52
TCS,EQ,19-02-2024,4128.3,4123.05,4128.3,4055,4099.85,4103.8,4092.76,772291,3160800379,70873,"3,43,479",44.48
TCS,EQ,20-02-2024,4103.8,4082.1,4098,4010,4035,4030.65,4047.78,1193648,4831625597,108310,"6,28,009",52.61
TCS,EQ,21-02-2024,4030.65,4013,4063.35,3980.6,3987,3991.5,4025.98,1885939,7592748600,135075,"10,93,371",57.97
TCS,EQ,22-02-2024,3991.5,3971,4094.95,3971,4082.55,4087.1,4036.74,2982052,12037760611,233453,"14,65,287",49.14
TCS,EQ,23-02-2024,4087.1,4130,4130,4046.4,4046.4,4052.1,4086.76,2538072,10372488169,207942,"17,64,308",69.51
TCS,EQ,26-02-2024,4052.1,4036,4050,3982.75,4001.9,4001.05,4001.89,1379284,5519738697,168908,"9,43,439",68.40
TCS,EQ,27-02-2024,4001.05,3999,4124,3999,4100.5,4104.4,4083.47,2960475,12089017645,235296,"17,32,919",58.54
TCS,EQ,28-02-2024,4104.4,4095.6,4154.9,4089,4109.9,4118.95,4126.35,1939225,8001915262,139242,"10,44,776",53.88
TCS,EQ,29-02-2024,4118.95,4099,4138.1,4064.55,4113,4095.1,4098.6,3772719,15462863780,165001,"22,23,680",58.94
TCS,EQ,01-03-2024,4095.1,4107.2,4140,4086.8,4093,4094.35,4110.85,2043265,8399555212,157981,"12,02,586",58.86
TCS,EQ,02-03-2024,4094.35,4112.7,4129.5,4090.15,4110,4107.1,4110.65,65057,267426764.1,8974,"34,991",53.79
TCS,EQ,04-03-2024,4107.1,4105,4117.9,4075.9,4082,4080.7,4090.25,1749271,7154955206,114412,"12,95,900",74.08
TCS,EQ,05-03-2024,4080.7,4062,4064,3980,4010.9,4012.1,4017.34,2070859,8319342583,152615,"13,47,590",65.07
TCS,EQ,06-03-2024,4012.1,3994.05,4072,3958.45,4058,4064.3,4012.65,1744204,6998878536,140908,"8,94,364",51.28
TCS,EQ,07-03-2024,4064.3,4065,4124,4037.7,4105,4108.6,4099,2688905,11021820076,154179,"16,36,303",60.85
TCS,EQ,11-03-2024,4108.6,4089,4153,4089,4120,4122.35,4124.96,2304068,9504184843,188233,"15,10,509",65.56
TCS,EQ,12-03-2024,4122.35,4122.35,4229.95,4121.05,4194.55,4192.25,4198.28,4039801,16960233961,216551,"18,14,985",44.93
TCS,EQ,13-03-2024,4192.25,4205,4241,4131.9,4139,4149,4177.33,2837260,11852184105,208881,"16,55,638",58.35
TCS,EQ,14-03-2024,4149,4153.45,4225,4086,4207.75,4207.6,4166.3,2919608,12163965942,262125,"14,59,709",50.00
TCS,EQ,15-03-2024,4207.6,4192.6,4239,4177,4220,4219.25,4213.31,3373143,14212088365,176623,"21,28,963",63.12
TCS,EQ,18-03-2024,4219.25,4215.25,4254.75,4117.85,4144.25,4152.5,4196.78,1526904,6408084083,129335,"8,08,311",52.94
TCS,EQ,19-03-2024,4152.5,4051.25,4058,3966.6,3971,3977.3,4022.55,8931209,35926206807,293529,"35,95,481",40.26
TCS,EQ,20-03-2024,3977.3,3986,4018,3960.2,3974.95,3970.9,3995.1,1817913,7262745848,134030,"8,83,011",48.57
TCS,EQ,21-03-2024,3970.9,3990.05,4008.4,3948,3979.45,3972.95,3972.92,3829582,15214604392,227156,"24,07,623",62.87
TCS,EQ,22-03-2024,3972.95,3897,3938,3855,3909,3910.9,3903.24,5852485,22843670096,431155,"32,46,731",55.48
TCS,EQ,26-03-2024,3910.9,3875,3946.7,3871.45,3883,3877.5,3894.29,3440925,13399953629,176329,"25,22,467",73.31
TCS,EQ,27-03-2024,3877.5,3888.5,3895,3829.4,3854.15,3840.9,3861.6,1968575,7601845471,152258,"13,85,664",70.39
TCS,EQ,28-03-2024,3840.9,3850.1,3915,3840.5,3882.1,3876.3,3880.57,4311783,16732186615,242073,"23,46,012",54.41
TCS,EQ,01-04-2024,3876.3,3897.7,3933.3,3888.05,3924,3916.75,3905.77,1569676,6130799235,142337,"10,35,605",65.98
TCS,EQ,02-04-2024,3916.75,3890,3909.85,3873,3890.2,3883.8,3886.53,2142666,8327525479,152218,"16,49,088",76.96
TCS,EQ,03-04-2024,3883.8,3851,3981,3851,3950.05,3947.3,3940.47,3973090,15655836799,232561,"24,47,069",61.59
TCS,EQ,04-04-2024,3947.3,3975.9,4028.65,3935.25,4000,4003.3,3983.1,3394637,13521178797,196204,"15,81,295",46.58
TCS,EQ,05-04-2024,4003.3,3978,4002,3960.5,3983,3979.25,3983.17,1636819,6519723298,95801,"10,36,981",63.35
TCS,EQ,08-04-2024,3979.25,3983,4032.65,3960,3964.9,3972.55,4000.29,2302538,9210823452,145126,"16,49,249",71.63
TCS,EQ,09-04-2024,3972.55,3984,4015.85,3925.05,3948.75,3946.55,3967.73,1876992,7447401521,102114,"11,76,639",62.69
TCS,EQ,10-04-2024,3946.55,3956.4,3990.2,3918,3980.75,3984.65,3956.43,2101965,8316267625,108594,"13,44,752",63.98
TCS,EQ,12-04-2024,3984.65,3971,4013.35,3945.5,4003.8,4001.4,3990.61,4354821,17378376128,200517,"23,12,553",53.10
TCS,EQ,15-04-2024,4001.4,4001.4,4064.2,3919.05,3940.8,3941.2,3990.5,4200329,16761416762,245404,"14,65,213",34.88
TCS,EQ,16-04-2024,3941.2,3902,3928.7,3862.85,3875.95,3872.8,3888.73,3051420,11866147836,147341,"20,40,122",66.86
TCS,EQ,18-04-2024,3872.8,3876.8,3936,3850,3871,3862,3891.42,3476284,13527691592,191254,"17,60,108",50.63
TCS,EQ,19-04-2024,3862,3838,3852.55,3800.9,3822.15,3826.2,3827.74,2957749,11321504897,252913,"17,31,769",58.55
TCS,EQ,22-04-2024,3826.2,3837,3878,3812,3875.9,3864.6,3841.58,1728883,6641643736,99078,"11,48,694",66.44
TCS,EQ,23-04-2024,3864.6,3877.05,3895,3860.6,3875,3874.7,3877.69,1807586,7009250574,132941,"12,25,651",67.81
TCS,EQ,24-04-2024,3874.7,3890,3898,3824.45,3835,3831.05,3853.73,1317312,5076558245,113695,"8,34,223",63.33
TCS,EQ,25-04-2024,3831.05,3811.2,3873.65,3811,3851,3852.2,3850.53,2856271,10998153737,211754,"15,34,697",53.73
TCS,EQ,26-04-2024,3852.2,3855.15,3876.8,3802.55,3823.45,3821.35,3838.36,2039178,7827090898,165343,"11,99,318",58.81
TCS,EQ,29-04-2024,3821.35,3838,3877.8,3819.2,3865,3870.2,3860.41,1110693,4287735191,109485,"6,66,831",60.04
TCS,EQ,30-04-2024,3870.2,3872,3881.75,3810,3823.95,3820.65,3841.42,2203078,8462954749,144940,"16,28,645",73.93
TCS,EQ,02-05-2024,3820.65,3778.05,3871.1,3778.05,3865,3863.3,3846.89,2491044,9582766033,220245,"10,31,270",41.40
TCS,EQ,03-05-2024,3863.3,3890.15,3893.6,3797.6,3838,3843.4,3839.84,2962234,11374519157,193038,"15,31,052",51.69
TCS,EQ,06-05-2024,3843.4,3853,3939.95,3853,3922.2,3921.05,3917.99,2053831,8046888044,162185,"10,92,024",53.17
TCS,EQ,07-05-2024,3921.05,3930.8,3988,3913.5,3975.2,3978.95,3951.55,2062112,8148536133,128480,"12,74,679",61.81
TCS,EQ,08-05-2024,3978.95,3961,3984.3,3938.6,3968.1,3976.95,3968.11,1247685,4950948533,110637,"7,80,055",62.52
TCS,EQ,09-05-2024,3976.95,3962,3971,3910.05,3956,3960.2,3948.51,1726486,6817049440,156265,"7,86,275",45.54
TCS,EQ,10-05-2024,3960.2,3962.6,3973.6,3885.05,3895,3893.9,3914.05,1672489,6546206694,142144,"8,33,333",49.83
TCS,EQ,13-05-2024,3893.9,3884.5,3955,3870,3947,3947.8,3923.12,931326,3653700403,96702,"4,76,483",51.16
TCS,EQ,14-05-2024,3947.8,3936,3945.8,3892.9,3902,3901.2,3916.22,1058317,4144602577,96233,"6,01,739",56.86
TCS,EQ,15-05-2024,3901.2,3904.5,3926.95,3875.5,3882.7,3880.4,3891.38,1115021,4338965539,88516,"6,92,445",62.10
TCS,EQ,16-05-2024,3880.4,3891.1,3909.5,3843.5,3892,3900.95,3882.17,2599399,10091300480,187465,"10,51,041",40.43
TCS,EQ,17-05-2024,3900.95,3919,3920,3830,3839,3834.1,3866.19,2765804,10693118517,197919,"18,21,715",65.87
TCS,EQ,18-05-2024,3834.1,3847,3861.9,3840,3853.35,3851.45,3849.42,91066,350551405.7,7224,"44,715",49.10
TCS,EQ,21-05-2024,3851.45,3830.6,3844.75,3810.05,3825,3820.2,3820.18,1908117,7289343661,200205,"12,88,624",67.53
TCS,EQ,22-05-2024,3820.2,3835,3841.25,3817.55,3831.5,3832,3830.73,1311168,5022730248,101531,"8,05,048",61.40
TCS,EQ,23-05-2024,3832,3840.95,3905,3825.5,3899,3893.45,3871.28,2095742,8113203579,131534,"9,38,015",44.76
TCS,EQ,24-05-2024,3893.45,3878.25,3883.8,3844.3,3850.95,3849.5,3857.62,1309452,5051369874,88592,"7,62,209",58.21
TCS,EQ,27-05-2024,3849.5,3855,3908.35,3841.35,3847.65,3847.05,3879.6,1841538,7144426663,160642,"11,43,209",62.08
TCS,EQ,28-05-2024,3847.05,3858,3870,3830,3836.9,3839.9,3853.34,1801993,6943692169,123639,"12,51,465",69.45
TCS,EQ,29-05-2024,3839.9,3848.9,3848.9,3800,3803,3803.65,3817.18,1568095,5985700080,118150,"11,16,629",71.21
TCS,EQ,30-05-2024,3803.65,3777,3794.4,3715.45,3739,3736.1,3747.95,2919230,10941116841,186630,"19,98,660",68.47
TCS,EQ,31-05-2024,3736.1,3740,3749.8,3653.75,3698,3670.95,3684.36,10956800,40368844653,323000,"82,18,394",75.01
TCS,EQ,03-06-2024,3670.95,3732.8,3751.55,3696,3706,3702.85,3713.72,2156773,8009653406,203491,"14,85,357",68.87
TCS,EQ,04-06-2024,3702.85,3700,3745,3591.5,3732.55,3715,3694.29,3395997,12545796705,274839,"18,75,330",55.22
TCS,EQ,05-06-2024,3715,3716,3783.8,3700,3755.1,3746.45,3747.69,2799670,10492304941,205741,"17,53,337",62.63
TCS,EQ,06-06-2024,3746.45,3781,3839.9,3741.5,3836,3830.4,3796.58,4328036,16431736430,281068,"23,54,986",54.41
TCS,EQ,07-06-2024,3830.4,3837.3,3915,3837.3,3888.55,3893.95,3891.54,4552445,17716023957,277984,"23,56,808",51.77
TCS,EQ,10-06-2024,3893.95,3895,3905.9,3841.9,3859,3858.7,3864.83,1734661,6704174826,117061,"10,87,215",62.68
TCS,EQ,11-06-2024,3858.7,3845,3879.95,3841,3855.65,3852.1,3860.66,1419898,5481742092,94929,"9,68,128",68.18
TCS,EQ,12-06-2024,3852.1,3874.4,3893.5,3827.45,3837,3831.65,3853.4,2177001,8388848727,142302,"15,98,098",73.41
TCS,EQ,13-06-2024,3831.65,3856.8,3890,3852,3873,3878.15,3872.82,1932323,7483532565,128094,"11,60,787",60.07
TCS,EQ,14-06-2024,3878.15,3889,3889,3828,3833,3832.05,3842,1860730,7148928965,133590,"11,01,634",59.20
TCS,EQ,18-06-2024,3832.05,3826.05,3842,3795.05,3819,3815.1,3819.14,1774045,6775333800,126236,"11,06,791",62.39
TCS,EQ,19-06-2024,3815.1,3827.65,3833.85,3792.95,3801,3801.7,3806.93,1509050,5744844872,111353,"9,81,626",65.05
TCS,EQ,20-06-2024,3801.7,3796,3809.95,3780.05,3789.85,3787.25,3791.92,2846526,10793810412,226469,"17,13,903",60.21
TCS,EQ,21-06-2024,3787.25,3827,3877.8,3798.05,3802,3810.75,3827.86,4642195,17769672677,206639,"22,64,402",48.78
TCS,EQ,24-06-2024,3810.75,3808.75,3857,3791.3,3815,3816.8,3834.36,1702154,6526663734,115165,"10,73,981",63.10
TCS,EQ,25-06-2024,3816.8,3817,3847.65,3792.9,3840,3838.45,3822.4,1338808,5117458194,140971,"9,26,061",69.17
TCS,EQ,26-06-2024,3838.45,3844.5,3866.95,3841,3853.3,3855.85,3856.13,1639845,6323455479,159513,"11,31,357",68.99
TCS,EQ,27-06-2024,3855.85,3831,3942,3818.1,3928,3934.15,3897.23,4526556,17641007617,308765,"23,62,282",52.19
TCS,EQ,28-06-2024,3934.15,3917.8,3960,3897.85,3906.75,3904.15,3924.69,2731571,10720556956,178435,"15,53,691",56.88
TCS,EQ,01-07-2024,3904.15,3884,4001.7,3884,3963.45,3978.2,3968.4,2658723,10550877401,152648,"15,49,138",58.27
TCS,EQ,02-07-2024,3978.2,3993.6,4023.4,3982.55,4009.8,4017.4,4005.25,2307449,9241906332,193878,"13,03,944",56.51
TCS,EQ,03-07-2024,4017.4,4020,4026.1,3955,3968,3965.25,3969.17,1821198,7228650456,131803,"10,82,619",59.45
TCS,EQ,04-07-2024,3965.25,3999.85,4047.35,3982.1,4019.95,4020.95,4024.81,2518001,10134477140,140694,"13,90,028",55.20
TCS,EQ,05-07-2024,4020.95,4010,4026.75,3988,4010,4011.8,4007.4,1668616,6686808295,120737,"9,03,753",54.16
TCS,EQ,08-07-2024,4011.8,4022,4031.25,3978.05,3997,3993.2,3995.83,1758882,7028192323,109949,"11,70,916",66.57
TCS,EQ,09-07-2024,3993.2,3985,4006.95,3975.1,3983.7,3985.5,3990.33,1305801,5210579214,142268,"8,96,047",68.62
TCS,EQ,10-07-2024,3985.5,3983.7,4003.3,3902,3915,3909.15,3925.5,2669716,10479963238,137357,"17,13,731",64.19
TCS,EQ,11-07-2024,3909.15,3931,3980,3895.6,3902,3923.7,3928.74,4872189,19141549805,214372,"29,51,068",60.57
TCS,EQ,12-07-2024,3923.7,3980,4199.95,3971.3,4182.45,4183.95,4117.02,13509164,55617454765,800145,"59,60,225",44.12
TCS,EQ,15-07-2024,4183.95,4235.7,4240,4157.05,4167.35,4169.2,4204.15,4848030,20381843135,238210,"34,67,248",71.52
TCS,EQ,16-07-2024,4169.2,4172,4194.55,4144.9,4171.05,4178.45,4173.42,2029521,8470051367,123240,"14,81,176",72.98
TCS,EQ,18-07-2024,4178.45,4160,4325,4160,4297.2,4315.55,4271.66,5613364,23978361639,361931,"30,43,655",54.22
TCS,EQ,19-07-2024,4315.55,4317.4,4358.75,4285.25,4298,4302.4,4319.15,3903354,16859178396,290294,"21,60,304",55.34
TCS,EQ,22-07-2024,4302.4,4299.95,4319.95,4265,4282.1,4287.35,4292.14,1896386,8139560522,132112,"12,95,930",68.34
TCS,EQ,23-07-2024,4287.35,4283,4361.7,4266.3,4311,4302.35,4302.19,2365208,10175578824,180645,"14,66,191",61.99
TCS,EQ,24-07-2024,4302.35,4287.5,4339.1,4268.1,4305,4306.25,4309.5,1809793,7799303897,118444,"11,52,683",63.69
TCS,EQ,25-07-2024,4306.25,4295,4343,4274.2,4332.25,4322.5,4314.53,2810342,12125310419,196421,"18,30,024",65.12
TCS,EQ,26-07-2024,4322.5,4350,4422.45,4337.05,4393.65,4387.85,4390.46,3552210,15595841522,167036,"22,59,693",63.61
TCS,EQ,29-07-2024,4387.85,4415,4431,4371,4380,4381.1,4390.57,1746803,7669454915,119852,"12,60,177",72.14
TCS,EQ,30-07-2024,4381.1,4391.1,4398,4327.3,4353.15,4365.35,4358.33,1797906,7835871346,145705,"12,75,115",70.92
TCS,EQ,31-07-2024,4365.35,4350,4414,4345,4392,4385.35,4387.35,2330091,10222933214,166542,"17,26,235",74.08
TCS,EQ,01-08-2024,4385.35,4399.4,4419.3,4365.05,4387,4397.1,4390.04,2202244,9667930575,125252,"14,06,101",63.85
TCS,EQ,02-08-2024,4397.1,4365,4398,4270,4283.85,4283.05,4309.34,2811282,12114777970,213069,"17,05,592",60.67
TCS,EQ,05-08-2024,4283.05,4239,4239,4110.5,4160,4155.05,4165.25,2787771,11611760562,169844,"17,92,731",64.31
TCS,EQ,06-08-2024,4155.05,4170.95,4258.25,4160.8,4175.1,4171.2,4193.98,2203067,9239608320,134281,"14,28,036",64.82
TCS,EQ,07-08-2024,4171.2,4228,4244.95,4180.3,4201,4200.45,4201.58,1237666,5200150779,102627,"7,96,283",64.34
TCS,EQ,08-08-2024,4200.45,4181,4232,4160,4174,4172.55,4190.47,2441283,10230119943,120490,"16,84,925",69.02
TCS,EQ,09-08-2024,4172.55,4217,4253.65,4205.55,4220,4228.75,4233.82,1302536,5514705150,79876,"8,35,330",64.13
TCS,EQ,12-08-2024,4228.75,4230,4239,4186.35,4193.1,4195.65,4210.62,936912,3944978152,86028,"5,93,190",63.31
TCS,EQ,13-08-2024,4195.65,4213,4234,4183,4197,4196.95,4209.09,1495593,6295091176,99105,"9,81,192",65.61
TCS,EQ,14-08-2024,4196.95,4209,4306.2,4188.15,4293,4295.25,4265.75,3226545,13763619691,182461,"20,58,456",63.80
TCS,EQ,16-08-2024,4295.25,4350,4427,4325.1,4414.2,4416.05,4395.48,3457058,15195430173,233969,"21,17,237",61.24
TCS,EQ,19-08-2024,4416.05,4421,4494.25,4390.35,4490,4490,4459.62,2055210,9165457458,118736,"11,82,630",57.54
TCS,EQ,20-08-2024,4490,4505,4565,4500,4505,4523.3,4529.5,2212298,10020613302,128019,"13,29,501",60.10
TCS,EQ,21-08-2024,4523.3,4518,4560,4492.55,4550,4551.5,4529.61,1896990,8592617039,115023,"14,47,546",76.31
TCS,EQ,22-08-2024,4551.5,4560,4560.95,4497.2,4502,4502,4515.52,1829872,8262819008,114303,"11,60,455",63.42
TCS,EQ,23-08-2024,4502,4500,4506,4455,4473.05,4463.9,4469.04,1809253,8085619687,101893,"11,35,736",62.77
TCS,EQ,26-08-2024,4463.9,4489,4552.15,4485,4506.6,4502.45,4517.26,1844164,8330571610,118509,"11,52,094",62.47
TCS,EQ,27-08-2024,4502.45,4505,4510,4486.8,4491,4497.15,4496.77,930697,4185134647,65265,"5,99,149",64.38
TCS,EQ,28-08-2024,4497.15,4498.75,4562.5,4457.3,4513,4506.05,4515.24,1848058,8344430540,127744,"11,10,045",60.07
TCS,EQ,29-08-2024,4506.05,4460,4556,4460,4507,4511.8,4515.71,2133641,9634899513,138513,"11,17,184",52.36
TCS,EQ,30-08-2024,4511.8,4500,4592.25,4487.8,4562.7,4553.75,4545.75,3637222,16533915087,155239,"23,08,090",63.46
TCS,EQ,02-09-2024,4553.75,4576,4588,4512,4526.4,4521.05,4545.25,1216500,5529299899,109365,"7,07,749",58.18
TCS,EQ,03-09-2024,4521.05,4521.05,4555.9,4495.9,4512.65,4512.35,4523.6,1717263,7768215761,117744,"11,82,755",68.87
TCS,EQ,04-09-2024,4512.35,4476.95,4487,4436.7,4484,4479.25,4468.96,1265505,5655496454,123447,"8,24,480",65.15
TCS,EQ,05-09-2024,4479.25,4481,4499,4454.15,4490,4475.95,4469.15,1688793,7547477633,105236,"11,26,276",66.69
TCS,EQ,06-09-2024,4475.95,4473.95,4518.95,4440,4460.5,4456.75,4466.8,1649179,7366546120,148566,"7,54,328",45.74
TCS,EQ,09-09-2024,4456.75,4455,4490.25,4430.5,4458,4449.55,4459.58,1184938,5284328321,92569,"8,03,470",67.81
TCS,EQ,10-09-2024,4449.55,4442.45,4539.95,4440.45,4510,4507.85,4499.44,1385591,6234377452,125535,"7,74,002",55.86
TCS,EQ,11-09-2024,4507.85,4521.45,4549.35,4471.25,4495.5,4479.35,4504.96,1325919,5973212660,127870,"8,85,040",66.75
TCS,EQ,12-09-2024,4479.35,4510.25,4532.6,4431.3,4495.3,4517.7,4485.01,2742216,12298852604,179765,"13,36,809",48.75
TCS,EQ,13-09-2024,4517.7,4530,4547,4505,4521.75,4522.6,4526.87,1458786,6603740973,78892,"7,73,596",53.03
TCS,EQ,16-09-2024,4522.6,4527,4546.05,4494.45,4509,4513.25,4516.51,1155120,5217113716,61456,"8,19,874",70.98
TCS,EQ,17-09-2024,4513.25,4513.25,4535.8,4466,4511,4505.65,4505.75,1699364,7656902882,88562,"12,05,365",70.93
TCS,EQ,18-09-2024,4505.65,4497.05,4497.05,4321,4347.9,4346.15,4370.07,2961779,12943188818,244673,"15,63,431",52.79
TCS,EQ,19-09-2024,4346.15,4390.05,4422.2,4281.8,4307,4296.15,4321.08,2927551,12650187150,232656,"15,09,863",51.57
TCS,EQ,20-09-2024,4296.15,4316.9,4330.7,4227.5,4295,4284.9,4278.76,5447908,23310316503,291115,"28,01,478",51.42
TCS,EQ,23-09-2024,4284.9,4300,4309.4,4253,4266.05,4268.5,4270.4,1702319,7269588109,169788,"10,44,526",61.36
TCS,EQ,24-09-2024,4268.5,4251.65,4291,4240,4282,4271.3,4265.03,3012026,12846372403,140428,"24,25,914",80.54
TCS,EQ,25-09-2024,4271.3,4252.35,4289.6,4240,4275.35,4274.75,4263.61,2713073,11567483702,153942,"20,71,060",76.34
TCS,EQ,26-09-2024,4274.75,4260,4316.8,4260,4295,4292.5,4288.28,3964251,16999820746,185888,"27,44,141",69.22
TCS,EQ,27-09-2024,4292.5,4335,4378,4300.05,4305,4308.7,4327.38,3012477,13036144375,231071,"16,29,655",54.10
TCS,EQ,30-09-2024,4308.7,4286.9,4298.75,4260.05,4271,4268.5,4272.29,2503416,10695320177,212084,"19,80,983",79.13
TCS,EQ,01-10-2024,4268.5,4255.55,4295.75,4242.95,4283.25,4287.9,4271.73,1823365,7788915831,121772,"10,82,513",59.37
TCS,EQ,03-10-2024,4287.9,4262.6,4279,4210,4232.5,4232.75,4233.39,3350119,14182364570,168212,"22,93,281",68.45
TCS,EQ,04-10-2024,4232.75,4225,4298,4224.05,4251.9,4252.25,4256.15,2965463,12621465330,194588,"14,74,539",49.72
TCS,EQ,07-10-2024,4252.25,4273.9,4297.25,4229.4,4274,4272.85,4263.8,1472619,6278960110,117843,"9,40,293",63.85
TCS,EQ,08-10-2024,4272.85,4272.6,4279.4,4203.95,4259.4,4253.25,4239.02,1541867,6536012532,163898,"9,04,607",58.67
TCS,EQ,09-10-2024,4253.25,4260,4295,4246.7,4258.95,4252.95,4267.11,1082504,4619161346,102574,"5,96,826",55.13
TCS,EQ,10-10-2024,4252.95,4253.25,4293.85,4198.6,4227.9,4227.4,4242.82,2378875,10093143863,176710,"12,19,923",51.28
TCS,EQ,11-10-2024,4227.4,4143,4241.95,4112.45,4146,4149.2,4164.41,5759183,23983586816,377816,"29,42,450",51.09
TCS,EQ,14-10-2024,4149.2,4140,4165.4,4122.2,4139,4136.65,4144.11,2137590,8858398067,140166,"14,14,698",66.18
TCS,EQ,15-10-2024,4136.65,4131.05,4169.95,4095,4119,4116.8,4119.31,2759474,11367123225,154340,"20,22,225",73.28
TCS,EQ,16-10-2024,4116.8,4085,4115,4067.2,4094,4094.95,4089.04,2359151,9646655679,192691,"16,11,752",68.32
TCS,EQ,17-10-2024,4094.95,4112.8,4129.95,4092.95,4111.25,4109,4108.84,2522659,10365190149,215233,"18,79,351",74.50
TCS,EQ,18-10-2024,4109,4090,4146.15,4080,4130.5,4123.05,4121.27,2361000,9730315577,160733,"12,97,484",54.95
TCS,EQ,21-10-2024,4123.05,4132.6,4139.95,4070,4071,4079.85,4096.64,1595450,6535979616,118454,"10,55,061",66.13
TCS,EQ,22-10-2024,4079.85,4066,4089.8,4006.35,4020,4015.5,4054.8,1928049,7817858767,178215,"13,41,203",69.56
TCS,EQ,23-10-2024,4015.5,3999.6,4113.55,3995.15,4065.15,4066.25,4069.32,1966476,8002229160,129950,"11,91,908",60.61
TCS,EQ,24-10-2024,4066.25,4004,4079,4004,4050,4047.9,4048.73,2676744,10837400632,111747,"19,48,709",72.80
TCS,EQ,25-10-2024,4047.9,4057.05,4092,4032.7,4060,4057.55,4063.37,1759676,7150208882,132353,"9,64,642",54.82
TCS,EQ,28-10-2024,4057.55,4068.95,4134,4051,4090.05,4090.85,4092.04,1532534,6271197564,95406,"10,50,314",68.53
TCS,EQ,29-10-2024,4090.85,4095.85,4103.5,4060.1,4080,4075.25,4075.78,1445885,5893106997,101205,"10,15,147",70.21
TCS,EQ,30-10-2024,4075.25,4075,4107,4060.05,4071.2,4084.65,4093.47,1935002,7920876293,109837,"14,97,222",77.38
TCS,EQ,31-10-2024,4084.65,4070,4078.3,3960,3975,3968.45,3980.19,3740372,14887381076,248757,"24,48,263",65.46
TCS,EQ,01-11-2024,3968.45,3989.85,3998.95,3976.05,3983.05,3984.2,3987.41,154895,617630511.6,18588,"82,548",53.29
TCS,EQ,04-11-2024,3984.2,3966.3,3991.9,3913.25,3967,3964.15,3950.51,2269192,8964463072,199030,"14,90,900",65.70
TCS,EQ,05-11-2024,3964.15,3941.1,3986,3941.1,3971.55,3971.35,3969.47,967590,3840820732,92042,"5,52,605",57.11
TCS,EQ,06-11-2024,3971.35,4003.6,4149.8,3975.25,4143,4139.65,4102.32,3792017,15556064937,233333,"24,91,090",65.69
TCS,EQ,07-11-2024,4139.65,4169.7,4205.8,4085.05,4146,4150.9,4144.54,3724349,15435705018,189460,"25,79,748",69.27
TCS,EQ,08-11-2024,4150.9,4155,4169.75,4117.65,4135.65,4147,4141.5,1648039,6825348802,139776,"9,45,596",57.38
TCS,EQ,11-11-2024,4147,4128.2,4234.3,4117.65,4186.5,4198.7,4195.46,1406487,5900864157,149144,"7,41,937",52.75
TCS,EQ,12-11-2024,4198.7,4216,4218,4164.35,4180,4197.4,4195.93,1587640,6661621167,102025,"11,06,602",69.70
TCS,EQ,13-11-2024,4197.4,4178.1,4196.75,4131.05,4151.65,4150.35,4155.05,1098813,4565628216,114945,"7,02,561",63.94
TCS,EQ,14-11-2024,4150.35,4135,4160,4116.45,4148,4145.9,4142.32,1825432,7561531480,165379,"11,22,028",61.47
TCS,EQ,18-11-2024,4145.9,4213,4213,3990.2,4017.15,4019.5,4071.97,3313944,13494296960,178320,"18,93,074",57.12
TCS,EQ,19-11-2024,4019.5,4019.9,4132.15,4014.1,4042,4039.55,4080.53,1776233,7247968688,133137,"10,42,954",58.72
TCS,EQ,21-11-2024,4039.55,4044.9,4092.45,4024,4068,4072.85,4058.28,2384347,9676346996,158009,"13,67,616",57.36
TCS,EQ,22-11-2024,4072.85,4071,4254.95,4054,4221.95,4244.6,4186.15,3096553,12962640957,163715,"18,48,709",59.70
TCS,EQ,25-11-2024,4244.6,4280,4328.1,4252.2,4320,4315.1,4303.42,4052167,17438178815,154060,"28,98,609",71.53
TCS,EQ,26-11-2024,4315.1,4321.05,4366.6,4310,4351,4352.7,4337.42,2060669,8937980540,156578,"14,04,367",68.15
TCS,EQ,27-11-2024,4352.7,4358.95,4377.4,4324.05,4332.95,4332.55,4348.89,1558993,6779887252,118269,"9,48,396",60.83
TCS,EQ,28-11-2024,4332.55,4319,4339.95,4233,4250.8,4244.9,4265.99,2558544,10914733803,165049,"15,39,671",60.18
TCS,EQ,29-11-2024,4244.9,4220,4298.7,4195.65,4266,4270.85,4262.53,2017425,8599333668,133480,"12,06,191",59.79
TCS,EQ,02-12-2024,4270.85,4270,4288.2,4230.05,4268.85,4276.65,4267.97,1670944,7131539608,158372,"11,14,673",66.71
TCS,EQ,03-12-2024,4276.65,4314.35,4325,4265.45,4303,4302.75,4298.86,2010905,8644599155,144243,"13,14,577",65.37
TCS,EQ,04-12-2024,4302.75,4313.55,4386.95,4289.05,4342,4354.4,4360.32,3302642,14400589848,217385,"22,23,011",67.31
TCS,EQ,05-12-2024,4354.4,4400.8,4489,4360,4455.15,4464.05,4430.75,3746747,16600910836,260982,"19,01,325",50.75
TCS,EQ,06-12-2024,4464.05,4453,4465,4412.75,4444.15,4445.5,4439.27,1842087,8177521135,138417,"11,45,887",62.21
TCS,EQ,09-12-2024,4445.5,4430.45,4469.4,4415.55,4445.6,4452.15,4446.54,2066639,9189399352,127439,"15,01,391",72.65
TCS,EQ,10-12-2024,4452.15,4426.15,4493.8,4412.1,4437.8,4432.55,4440.97,2087828,9271971918,142478,"12,19,085",58.39
TCS,EQ,11-12-2024,4432.55,4431.85,4448.65,4407,4423,4427.45,4425.28,1635256,7236472507,108588,"10,05,439",61.49
TCS,EQ,12-12-2024,4427.45,4430.05,4485,4426,4460,4454.95,4461.52,1914642,8542215590,149188,"10,47,595",54.71
TCS,EQ,13-12-2024,4454.95,4434.95,4494.9,4394.4,4474.9,4473.9,4457.63,1967048,8768379842,153642,"10,69,246",54.36
TCS,EQ,16-12-2024,4473.9,4459,4475,4397,4416,4415.2,4425.19,1646224,7284853956,132903,"9,49,508",57.68
TCS,EQ,17-12-2024,4415.2,4410,4432.95,4318,4322.7,4328.5,4346.26,3225027,14016805137,172049,"22,49,458",69.75
TCS,EQ,18-12-2024,4328.5,4311.7,4362,4289.6,4355.65,4347.85,4333.96,1575404,6827736370,106590,"9,08,340",57.66
TCS,EQ,19-12-2024,4347.85,4282,4364,4262,4281,4271.9,4302.28,3015763,12974663427,217876,"19,01,387",63.05
